ticker,title,description,content,source,publishedAt,url
^BSESN,Trump threatens EU with 'substantial' tariffs in retaliation for fines on US tech giants,It comes after Brussels hit Google with fines totalling €890 million for illegally favouring its own services over rivals in search results.,"DONALD TRUMP HAS threatened to impose substantial tariffs on the European Union over fines that the bloc has placed on a number of US tech giants.
The EU this week hit Google with fines totalling 89… [+2978 chars]",TheJournal.ie,2026-07-24 18:04:21+00:00,https://www.thejournal.ie/trump-threatens-eu-substantial-tariffs-fines-us-tech-firms-7112851-Jul2026/
^BSESN,"After OnePlus, Nothing could exit multiple global markets","Last week, OnePlus announced what was rumored for months: its exit from the North American and European markets. Now a new report claims Nothing will follow suit, exiting 12 ""or more"" global markets.

This includes the Middle East, Japan, and ""parts of Europe…","Last week, OnePlus announced what was rumored for months: its exit from the North American and European markets. Now a new report claims Nothing will follow suit, exiting 12 ""or more"" global markets.… [+1258 chars]",GSMArena.com,2026-07-24 18:01:02+00:00,https://www.gsmarena.com/after_oneplus_nothing_could_exit_multiple_global_markets-news-73874.php
^BSESN,Nepal’s Queer Cinema Is Becoming a National Triumph,A Cannes win has turned trans actors from outsiders to heroes.,"Until last year, Pushpa Thing Lama worked at an LGBTQ advocacy organization in a small western Nepal town, her work known only to a handful of people in the queer community. Today, she is one of the … [+9896 chars]",Foreign Policy,2026-07-24 17:58:25+00:00,http://foreignpolicy.com/2026/07/24/nepal-kinnar-lgbtq-cinema/
^BSESN,"iQOO Z11 Lite launches in India under Rs 20,000, with a catch for pricier models","The budget 5G phone goes on sale July 30 with Android 16, IP65 protection, and a direct shot at the Vivo T5 Lite 5G","iQOO has officially brought the Z11 Lite to India, and the base variant does what the brand promised: it starts below Rs 20,000, which works out to roughly $230, with no bank discount required. That … [+2312 chars]",Intomobile.com,2026-07-24 17:57:06+00:00,https://www.intomobile.com/2026/07/24/iqoo-z11-lite-launches-in-india-under-rs-20000-with-a-catch-for-pricier-models/
^BSESN,Hackers hijack hotel Wi-Fi DNS to steal Microsoft 365 accounts,Hackers are changing the DNS settings on Wi-Fi devices at hotels and conference centers to redirect users to fake Microsoft 365 login pages. [...],"Hackers are changing the DNS settings on Wi-Fi devices at hotels and conference centers to redirect users to fake Microsoft 365 login pages.
The campaign has been ongoing since at least June and imp… [+3531 chars]",BleepingComputer,2026-07-24 17:50:37+00:00,https://www.bleepingcomputer.com/news/security/hackers-hijack-hotel-wi-fi-dns-to-steal-microsoft-365-accounts/
^BSESN,US beach named best in the world for its pristine sands and clear waters,"A team from Beach.com reviewed hundreds of submissions and analyzed nearly 100,000 reviews to determine the top ten beaches on Earth.","The travel lords have spoken, and this US beach has been crowned the best in the world.
A team from Beach.com reviewed hundreds of submissions and analyzed nearly 100,000 reviews to determine the to… [+4038 chars]",New York Post,2026-07-24 17:50:10+00:00,https://nypost.com/2026/07/24/lifestyle/us-virgin-islands-beach-named-2026-best-in-the-world/
^BSESN,Canadian Hockey Leaders Bring NHL Expertise to India Through Inaugural India Hockey 360 Festival,"CHANDIGARH, India, July 24, 2026 /PRNewswire/ -- NHL broadcaster and Hockey Night in Canada Punjabi host Randip Janda and Abbotsford Canucks Assistant Coach Harry Mahesh will lead the inaugural India Hockey 360 Festival, taking place July 31 – August 2 in Cha…","CHANDIGARH, India, July 24, 2026 /PRNewswire/ -- NHL broadcaster and Hockey Night in Canada Punjabi host Randip Janda and Abbotsford Canucks Assistant Coach Harry Mahesh will lead the inaugural India… [+2729 chars]",PRNewswire,2026-07-24 17:39:00+00:00,https://www.prnewswire.com/news-releases/canadian-hockey-leaders-bring-nhl-expertise-to-india-through-inaugural-india-hockey-360-festival-302834317.html
^BSESN,Big win for Scotch whisky as US tariffs are lifted,Whisky products will have zero tariffs in the US from today,"As a result of engagement led by the UK Government, distilleries and whisky drinkers on both sides of the Atlantic will be raising a glass to celebrate a landmark day for the beloved product as US ta… [+4356 chars]",Www.gov.uk,2026-07-24 17:31:38+00:00,https://www.gov.uk/government/news/big-win-for-scotch-whisky-as-us-tariffs-are-lifted
^BSESN,Oil Shock Could Turn Super El Niño Into an Inflation Problem Again,"The world isn't just staring down another weather event. It's staring down a weather event colliding with a supply-driven oil shock. JPMorgan warned Friday that a ""super"" El Niño combined with higher energy prices from the Middle East conflict could slow the …","New Jersey has launched a…
The proposed U.S.-Saudi nuclear agreement…
By Julianne Geiger - Jul 24, 2026, 12:30 PM CDTThe world isn't just staring down another weather event. It's staring down a wea… [+2357 chars]",OilPrice.com,2026-07-24 17:30:00+00:00,https://oilprice.com/Latest-Energy-News/World-News/Oil-Shock-Could-Turn-Super-El-Nio-Into-an-Inflation-Problem-Again.html
^BSESN,Borgohain Aims For Gold At Commonwealth Games,"India's Olympic bronze medallist Lovlina Borgohain has secured a medal at the Commonwealth Games after receiving a direct entry into the women's 75kg semifinals. With the pressure of a podium finish lifted, Borgohain is now solely focused on winning the gold …",India's Olympic bronze medallist Lovlina Borgohain is now laser-focused on securing a historic gold medal at the Commonwealth Games after a direct entry into the women's 75kg semifinals guaranteed he… [+3084 chars],Rediff.com,2026-07-24 17:28:48+00:00,https://www.rediff.com/sports/report/lovlina-targets-commonwealth-gold-after-medal-pressure-lifted/20260724.htm
^BSESN,Hacked Hotel Wi-Fi Used to Steal Guests' Logins,"A cybersecurity vendor suspects Russia compromised Wi-Fi gateways to steal Microsoft 365 logins from corporate employees using the internet at hotels and conference centers.
A spying campaign is hijacking the Wi-Fi at hotels and conference centers in an effor…","A spying campaign is hijacking the Wi-Fi at hotels and conference centers in an effort to steal logins and authentication tokens from users, according to a cybersecurity vendor.
Compromised Wi-Fi ga… [+2986 chars]",PCMag.com,2026-07-24 17:27:04+00:00,https://uk.pcmag.com/networking/166354/hacked-hotel-wi-fi-used-to-steal-guests-logins
^BSESN,White House Wants Veterans to Replace Immigrant Truckers Who Lost Their Licenses in Crackdown,A new campaign will promote programs that let veterans skip the required skills test for a commercial driver's license.,The Trump administration wants soldiers to consider becoming truck drivers when they leave the military to help replace the tens of thousands of immigrant drivers who lost their licenses in a crackdo… [+5199 chars],Military.com,2026-07-24 17:24:39+00:00,https://military.com/white-house-wants-veterans-to-replace-immigrant-truckers-who-lost-their-licenses-in-crackdown
^BSESN,"The Best New Books of 2026, According to TODAY Guests","Here are the best new books of 2026 according to TODAY authors and contributors. The list includes romance, thrillers and romantasy.","If youre looking for books to read, beyond the latest Read With Jenna picks, youre in the right place. Throughout the year, authors stop by TODAY to share the books theyre reading and loving lately.… [+15246 chars]",TODAY,2026-07-24 17:21:20+00:00,https://www.today.com/popculture/books/new-books-2026-rcna588953
^BSESN,White House Wants Veterans To Replace Immigrant Truckers Who Lost Their Licenses In Crackdown,"Immigrants account for about 20% of all truck drivers, but all of these non-domiciled licenses for immigrants represent only about 5% of all commercial driver’s licenses.",The Trump administration wants soldiers to consider becoming truck drivers when they leave the military to help replace the tens of thousands of immigrant drivers who lost their licenses in a crackdo… [+5528 chars],HuffPost,2026-07-24 17:19:07+00:00,https://www.huffpost.com/entry/white-house-wants-veterans-replace-immigrant-truckers-lost-licenses-crackdown_n_6a639b94e4b0c6ebcf31e68a
^BSESN,"""Will see deeper engagement"": India, Romania to deepen defence cooperation in drones, aerospace","India and Romania are set to deepen their partnership, with cooperation expected to expand in areas such as drone technology, aerospace, defence manufacturing and industrial collaboration, the Ministry of External Affairs (MEA) said on Friday following Presid…","India and Romania are set to deepen their partnership, with cooperation expected to expand in areas such as drone technology, aerospace, defence manufacturing and industrial collaboration, the Minist… [+3248 chars]",The Times of India,2026-07-24 17:15:56+00:00,https://economictimes.indiatimes.com/news/defence/will-see-deeper-engagement-india-romania-to-deepen-defence-cooperation-in-drones-aerospace/articleshow/132610989.cms
^BSESN,"Lara Croft can't catch a break: after delaying one Tomb Raider game, Amazon is delaying another and this one won't show up until 2028","Lara Croft's big comeback at the hands of Amazon has hit yet another hitch. After TV show setbacks and a delay for Tomb Raider 1 ""reimagining"" Legacy of Atlantis, Amazon's gaming boss has confirmed yet another delay: Lara's other adventure, Tomb Raider: Catal…","Lara Croft's big comeback at the hands of Amazon has hit yet another hitch. After TV show setbacks and a delay for Tomb Raider 1 ""reimagining"" Legacy of Atlantis, Amazon's gaming boss has confirmed y… [+2243 chars]",Eurogamer.net,2026-07-24 17:06:13+00:00,https://www.eurogamer.net/tomb-raider-catalyst-delay-2028
^BSESN,"Weather tomorrow, July 25: Check IMD forecast as Gujarat faces heavy to very heavy rain; Delhi, Rajasthan among states on alert","Heavy rainfall is forecast across India over the next few days. Gujarat expects the heaviest showers, while Rajasthan will also see significant rain. Delhi-NCR and northeastern states will experience widespread showers with thunderstorms. Active monsoon condi…","The India Meteorological Department (IMD) has forecast heavy rainfall across several parts of the country over the next few days, with Gujarat expected to receive the heaviest showers. Heavy to very … [+6034 chars]",The Times of India,2026-07-24 17:05:59+00:00,https://economictimes.indiatimes.com/news/new-updates/weather-tomorrow-july-25-check-imd-forecast-as-gujarat-faces-heavy-to-very-heavy-rain-delhi-rajasthan-among-states-on-alert/articleshow/132610548.cms
^BSESN,"REC posts net profit of ₹4,193 in Q1 FY27","The infrastructure and logistic portfolio has grown to ₹59,289 crore, which is over 10 per cent of the overall loan assets, REC noted.","State-run REC on Friday reported a 6 per cent Y-o-Y decline in its consolidated net profit at around 4,193 crore in Q1 FY27.On a sequential basis, the net profit of the power sector financier was hig… [+2125 chars]",BusinessLine,2026-07-24 17:02:55+00:00,https://www.thehindubusinessline.com/companies/rec-posts-net-profit-of-4193-in-q1-fy27/article71263490.ece
^BSESN,BNP Paribas Cardif to acquire 26% stake in IndiaFirst Life from Warburg Pincus,"BNP Paribas Cardif will acquire a 26% stake in IndiaFirst Life from Warburg Pincus, strengthening its presence in India’s fast-growing life insurance market.","BNP Paribas Cardif on Friday entered into a definitive agreement to acquire around 26 per cent stake in IndiaFirst Life Insurance Company from Warburg Pincus.
The transaction is subject to regulator… [+3485 chars]",BusinessLine,2026-07-24 17:02:54+00:00,https://www.thehindubusinessline.com/money-and-banking/bnp-paribas-cardif-to-acquire-26-stake-in-indiafirst-life-from-warburg-pincus/article71263729.ece
^BSESN,Is AI the End of Cheap Tech?,How the AI-driven memory crisis affects us all&nbsp;&nbsp;,Subscribe here: Apple Podcasts | Spotify | YouTube | Pocket CastsElectronics are getting more expensive—and the culprit has a lot to do with generative AI. Amid all the talk of AI taking over people’… [+37427 chars],The Atlantic,2026-07-24 17:00:00+00:00,https://www.theatlantic.com/podcasts/2026/07/why-ai-is-making-things-more-expensive/688055/
^BSESN,India's move against Jack Dorsey's Bitchat sparks legal debate | TechCrunch,India's move against Jack Dorsey's Bitchat sparks legal debate | TechCrunchtechcrunch.com,An apparent Indian government effort to remove GitHub repositories for Jack Dorsey’s offline Bluetooth-powered messaging app Bitchat has raised questions about the legal basis for targeting open-sour… [+5065 chars],TechCrunch,2026-07-24 16:56:39+00:00,https://techcrunch.com/2026/07/24/indias-move-against-jack-dorseys-bitchat-sparks-legal-debate/
^BSESN,Avengers: Doomsday: A Third Latverian Witch Has Been Revealed At San Diego Comic-Con,"We've seen a green witch and a yellow witch, and now, Marvel Studios has revealed a purple Latverian Witch from Avengers: Doomsday. We also have a new look at the Multiverse's Mightiest Heroes.","Marvel Studios has updated its San Diego Comic-Con display for the third day in a row, swapping out the green and yellow Latverian witches for one clad in purple. What, if anything, does this mean fo… [+3823 chars]",CBM (Comic Book Movie),2026-07-24 16:56:01+00:00,https://comicbookmovie.com/avengers/avengers-doomsday/avengers-doomsday-a-third-latverian-witch-has-been-revealed-at-san-diego-comic-con-a229005
^BSESN,FDI easing for e-comm to open new doors for exports,"The government’s decision to allow foreign-funded e-commerce companies to hold inventory for exports is expected to boost export volumes while reducing compliance burden for Indian sellers, said industry experts. At the same time, some have cautioned it is im…","The governments decision to allow foreign-funded e-commerce companies to hold inventory for exports is expected to boost export volumes while reducing compliance burden for Indian sellers, said indus… [+2927 chars]",BusinessLine,2026-07-24 16:49:45+00:00,https://www.thehindubusinessline.com/news/fdi-easing-for-e-comm-to-open-new-doors-for-exports/article71263074.ece
^BSESN,"Manipal Hospitals' ₹9,275 crore IPO to strengthen balance sheet for growth","Manipal Health Enterprises will use most of its  ₹9,275 crore IPO proceeds to cut debt, giving India's largest hospital chain by bed capacity room to raise capital for future acquisitions and expansion. The Temasek-backed company opens its IPO on 29 July with…",Indias largest hospital chain is eyeing a cleaner balance sheet to fuel its expansion plans after a public listing. Manipal Health Enterprises Ltd plans to use a large chunk of the fresh proceeds fro… [+3976 chars],Livemint,2026-07-24 16:49:05+00:00,https://www.livemint.com/companies/manipal-hospitals-9-275-crore-ipo-to-strengthen-balance-sheet-for-growth-11784899782428.html
^BSESN,Trump's Tariffs on 60 Countries Adopt Method Justice Brett Kavanaugh Laid Out in SCOTUS Ruling,"The tariffs that President Donald Trump imposed on 60 countries Thursday night utilize one of the mechanisms that Supreme Court Justice Brett Kavanaugh laid out in the dissent of February's Supreme Court ruling striking down Trump's Liberation Day tariffs.
Th…",The tariffs that President Donald Trump imposed on 60 countries Thursday night utilize one of the mechanisms that Supreme Court Justice Brett Kavanaugh laid out in the dissent of February’s Supreme C… [+3525 chars],Breitbart News,2026-07-24 16:48:20+00:00,https://www.breitbart.com/politics/2026/07/24/trumps-tariffs-on-60-countries-adopt-method-justice-brett-kavanaugh-laid-out-in-scotus-ruling/
^BSESN,President Murmu conferred honorary doctorate by Bucharest University of Economic Studies,"President Droupadi Murmu was conferred an honorary doctorate by the Bucharest University of Economic Studies (BUES) during her state visit to Romania. Accepting the university's highest academic honour, Murmu dedicated the recognition to the people of India a…","Bucharest: President Droupadi Murmu was on Friday conferred an honorary doctorate by the Bucharest University of Economic Studies (BUES) here.Murmu, who arrived in Romania on Thursday on a state visi… [+4166 chars]",The Times of India,2026-07-24 16:45:35+00:00,https://economictimes.indiatimes.com/news/india/president-murmu-conferred-honorary-doctorate-by-bucharest-university-of-economic-studies/articleshow/132610446.cms
^BSESN,Will the Gen Z-Fueled CJP Achieve What It Set Out To Do?,"On July 18, Sonam Wangchuk, a 59-year-old environmentalist and education reform campaigner — who was on a hunger strike for over 20 days in support of the newly formed Cockroach Janta Party (CJP)’s demands — was forcefully evacuated from the place of protest …","On July 18, Sonam Wangchuk, a 59-year-old environmentalist and education reform campaigner who was on a hunger strike for over 20 days in support of the newly formed Cockroach Janta Party (CJP)s dema… [+9632 chars]",Fair Observer,2026-07-24 16:42:53+00:00,https://www.fairobserver.com/world-news/india-news/will-the-gen-z-fueled-cjp-achieve-what-it-set-out-to-do/
^BSESN,White House wants veterans to replace immigrant truckers who lost their licenses in crackdown,The Trump administration wants soldiers to consider becoming truck drivers when they leave the military to help replace the tens of thousands of immigrant dr...,The Trump administration wants soldiers to consider becoming truck drivers when they leave the military to help replace the tens of thousands of immigrant drivers who lost their licenses in a crackdo… [+5076 chars],Yahoo Entertainment,2026-07-24 16:40:29+00:00,https://www.yahoo.com/news/politics/articles/white-house-wants-veterans-replace-164029510.html
^BSESN,Lodha Developers' Q1 net profit doubles; pre-sales at ₹4629 crore,"The developer is targeting  ₹24,000 crore of pre-sales from housing projects in the current financial year, compared to bookings of  ₹20,530 crore in FY26. Net debt of the company also reduced by  ₹446 crore to  ₹4,931 crore during the quarter.","Bengaluru: Lodha Developers Ltd has reported a two-fold rise in net profit to 1,373 crore for the June-ended quarter, fuelled by strong growth in revenue and cashflows. Revenue from operations saw a … [+3020 chars]",Livemint,2026-07-24 16:37:34+00:00,https://www.livemint.com/industry/lodha-developers-q1-net-profit-doubles-pre-sales-at-4629-crore-11784898878507.html
^BSESN,‘Seven in 10 oral cancer patients reach hospitals too late’,"Seven in 10 oral cancer patients in India seek care late; doctors urge routine screening and early checks for symptoms like mouth ulcers, lumps and swallowing issues.","<ul><li>News</li>
<li>Seven in 10 oral cancer patients reach hospitals too late</li></ul>
Follow Us On Social Media
Copyright © 2026 Bennett, Coleman &amp; Co. Ltd. All rights reserved. For reprin… [+34 chars]",The Times of India,2026-07-24 16:36:39+00:00,https://timesofindia.indiatimes.com/city/mumbai/seven-in-10-oral-cancer-patients-reach-hospitals-too-late/articleshow/132610404.cms
^BSESN,Crypto exchanges hail government’s SRO proposal as most ‘practical’ interim measure for VDA,Crypto exchanges support the government's SRO proposal as a practical interim solution for regulating virtual digital assets in India.,"Cryptocurrency industry leaders praised the governments call for self-regulatory bodies to regulate virtual digital assets (VDA), calling it a practical move to address current realities of the VDA e… [+2661 chars]",BusinessLine,2026-07-24 16:32:51+00:00,https://www.thehindubusinessline.com/money-and-banking/cryptocurrency/crypto-exchanges-hail-governments-sro-proposal-as-most-practical-interim-measure-for-vda/article71263435.ece
^BSESN,Dimapur SAI Centre To Become National Centre Of Excellence,"The Sports Authority of India's Training Centre in Dimapur, Nagaland, will be upgraded to a National Centre of Excellence (NCOE) following an MoU with the state government. This multi-phase development will transform the 64-acre Multi-Disciplinary Sports Comp…","Discover how the Sports Authority of India's Training Centre in Dimapur, Nagaland, is set to transform into a National Centre of Excellence, boosting sports infrastructure and athlete development in … [+3510 chars]",Rediff.com,2026-07-24 16:31:47+00:00,https://www.rediff.com/sports/report/sai-dimapur-centre-upgraded-to-ncoe-by-nagaland-mou/20260724.htm
^BSESN,Filming Begins On “Extraction 3”,"Chris Hemsworth has confirmed that production has kicked off on “Extraction 3,” the third film in the Netflix action series. Hemsworth returns as former Australian black ops mercenary Tyler Rake, alongside Idris Elba as the mysterious ‘Alcott’, and Golshifteh…","Chris Hemsworth has confirmed that production has kicked off on Extraction 3, the third film in the Netflix action series.
Hemsworth returns as former Australian black ops mercenary Tyler Rake, alon… [+1128 chars]",Dark Horizons,2026-07-24 16:31:09+00:00,https://www.darkhorizons.com/filming-begins-on-extraction-3/
^BSESN,‘Extremely disappointing’: US trade partners respond to Trump’s new tariffs,"Countries question Trump administration's latest round of tariffs, which relate to forced labour claims.","Countries across the world have responded to the latest round of tariffs imposed by the administration of United States President Donald Trump.
The reactions on Friday came the day after Washington … [+4000 chars]",Al Jazeera English,2026-07-24 16:30:20+00:00,https://www.aljazeera.com/news/2026/7/24/extremely-disappointing-us-trade-partners-respond-to-trumps-new-tariffs
^BSESN,"India's premium coffee boom: How the brew is becoming a lifestyle, not just a beverage",Premium coffee is becoming a lifestyle symbol across India.  Consumer expectations are shifting towards quality and personalized experiences.  Tier-2 and Tier-3 cities are now driving significant industry growth.  Technology is transforming coffee businesses …,"Coffee is no longer just the first drink of the day for many Indians. Over the past few years, it has evolved into a symbol of lifestyle, personal taste and social experiences. From neighbourhood caf… [+6329 chars]",The Times of India,2026-07-24 16:27:11+00:00,https://economictimes.indiatimes.com/news/india/indias-premium-coffee-boom-how-the-brew-is-becoming-a-lifestyle-not-just-a-beverage/articleshow/132610101.cms
^BSESN,Navi Mumbai teen crowned India No 1 and Asia No 2 in Under-14 Tennis,"Navi Mumbai’s Aarav Chhallani, trainee at Nerul Gymkhana, rises to India No. 1 and Asia No. 2 in U-14 tennis after strong ATF circuit results.","<ul><li>News</li>
<li>Navi Mumbai teen crowned India No 1 and Asia No 2 in Under-14 Tennis</li></ul>
Follow Us On Social Media
Shankar moves privilege motion against Kunal, TMC MLA says sorryLong … [+1490 chars]",The Times of India,2026-07-24 16:24:47+00:00,https://timesofindia.indiatimes.com/city/mumbai/navi-mumbai-teen-crowned-india-no-1-and-asia-no-2-in-under-14-tennis/articleshow/132610209.cms
^BSESN,AI is changing college admissions and placements: How to pick the right engineering degree for the AI era,Artificial intelligence is reshaping Indian engineering education and career expectations.  Traditional college admission formulas are now being challenged by AI's rapid integration.  Employers seek graduates with AI skills and practical problem-solving abili…,"For years, engineering education in India followed a familiar path. Students worked towards securing admission to a reputed college, completed a four-year degree and expected campus placements to ope… [+6183 chars]",The Times of India,2026-07-24 16:21:45+00:00,https://economictimes.indiatimes.com/industry/services/education/ai-is-changing-college-admissions-and-placements-how-to-pick-the-right-engineering-degree-for-the-ai-era/articleshow/132581976.cms
^BSESN,US slaps 10% tariffs on India for forced labor,"The US imposed 10% tariffs on imports from India, replacing the previous 150-day tariff that lapses on Friday Read Full Article at RT.com","The US has imposed 10% tariffs on imports from India, citing a forced-labor investigation, replacing the previous 150-day tariff that lapses on Friday.
The rate is lower than the 12.5% proposed earl… [+1902 chars]",RT,2026-07-24 16:17:12+00:00,https://www.rt.com/india/643436-us-tariffs-india/
^BSESN,BCCI should incentivise Emerging Men's Tournament: Wasim Jaffer,Former India opener Wasim Jaffer lauded the BCCI's inaugural Emerging Men's Tournament. He suggested incentives for players to boost red-ball cricket's appeal. The tournament aimed to identify promising young talents for future Test cricket. Several young pla…,"<ul><li>News</li>
<li>BCCI should incentivise Emerging Men's Tournament: Wasim Jaffer</li></ul>
Follow Us On Social Media
Shankar moves privilege motion against Kunal, TMC MLA says sorryLong weeke… [+1485 chars]",The Times of India,2026-07-24 16:16:27+00:00,https://timesofindia.indiatimes.com/sports/cricket/news/bcci-should-incentivise-emerging-mens-tournament-wasim-jaffer/articleshow/132610042.cms
^BSESN,Supreme Court to hear petitions alleging police violence against student protesters,"Supreme Court to hear petitions alleging police violence against student protesters, amid concerns over excessive force and media reports.",The Supreme Court has agreed to hear on Monday two freshly instituted petitions alleging police excesses during the July 20 crackdown on student protesters in the national capital. The development ca… [+10058 chars],BusinessLine,2026-07-24 16:16:11+00:00,https://www.thehindubusinessline.com/news/supreme-court-to-hear-petitions-alleging-police-violence-against-student-protesters/article71263388.ece
^BSESN,Today’s News in a Nutshell,"KATHMANDU: Khabarhub brings you a glimpse of major developments of the day in Nepal, including politics, business/economy, sports, entertainment, and more. Nepal’s public debt nears Rs 3 trillion Nepal’s total public debt has climbed to nearly Rs 3 trillion, …","KATHMANDU: Khabarhub brings you a glimpse of major developments of the day in Nepal, including politics, business/economy, sports, entertainment, and more.
Nepals public debt nears Rs 3 trillion
Ne… [+20839 chars]",Khabarhub.com,2026-07-24 16:15:22+00:00,https://english.khabarhub.com/2026/24/560001/
^BSESN,Danfoss India partners IITs to train power electronics engineers,"Danfoss India partners IIT Madras, IIT Bombay, IIT Kanpur and ITEL Foundation to train industry-ready power electronics engineers for EVs and clean energy.","Danfoss India, an infrastructure technology company, has partnered with IIT Madras, IIT Bombay, IIT Kanpur and the Immersive Technology and Entrepreneurship Labs (ITEL) Foundation to support the Powe… [+1067 chars]",BusinessLine,2026-07-24 16:12:50+00:00,https://www.thehindubusinessline.com/info-tech/danfoss-india-partners-iits-to-train-power-electronics-engineers/article71262350.ece
^BSESN,India cockroach protests: Videos show officers firing 'pellet guns',"Thousands of people have taken to the streets in Delhi as part of the cockroach protests, calling for educational reforms.","Thousands of people have taken to the streets in the Indian capital Delhi as part of the cockroach protests, calling for educational reforms and the resignation of a government minister. 
BBC Verify… [+451 chars]",BBC News,2026-07-24 16:12:34+00:00,https://www.bbc.co.uk/news/videos/cgje5l292g2o
^BSESN,Smoking Behind the Supermarket with You Anime Reveals English Dub Cast,Dub debuted on Thursday // Crunchyroll began streaming the English dub for the television anime of Jinushi's Smoking Behind the Supermarket with You (Super...,"Image via Comic Natalie
©SQUARE ENIX ©Jinushi/SQUARE ENIX
Crunchyroll began streaming the English dub for the television anime of Jinushi's Smoking Behind the Supermarket with You (Super no Ura de … [+2790 chars]",Anime News Network,2026-07-24 16:11:01+00:00,https://www.animenewsnetwork.com/news/2026-07-24/smoking-behind-the-supermarket-with-you-anime-reveals-english-dub-cast/.239942
^BSESN,World chess chief faces endgame after EU announces Russia war sanctions,"Arkady Dvorkovich, a former Russian deputy prime minister, now faces an EU travel ban and asset freeze.","The world of chess has been thrown into turmoil after the president of the International Chess Federation (Fide), Arkady Dvorkovich, said he was stepping aside because he was included on the European… [+3431 chars]",BBC News,2026-07-24 16:08:51+00:00,https://www.bbc.co.uk/news/articles/cewrk58k2k4o
^BSESN,US Strikes Iran From South to North After Trump Threats Over Red Sea Shipping,"U.S. missiles struck targets across Iran, reaching as far as its Caspian coast, on Friday after President Donald Trump vowed ""major military punishment"" for Tehran and its Houthi allies in Yemen for extending the Middle East war to a second major shipping cho…","DUBAI, July 24 (Reuters) – U.S. missiles struck targets across Iran, reaching as far as its Caspian coast, on Friday after President Donald Trump vowed “major military punishment” for Tehran and its … [+4850 chars]",gcaptain.com,2026-07-24 16:08:37+00:00,https://gcaptain.com/us-strikes-iran-from-south-to-north-after-trump-threats-over-red-sea-shipping/
^BSESN,"Move over, Korea! Inside the rise of Indian beauty: ROSIE GREEN reveals all the brands you need to know and the hacks that will transform you - including the £1.50 product that will revive your skin","Ancient Ayurveda meets modern technology: I-beauty is the new buzz, says Rosie Green","Daily Mail journalists select and curate the products that feature on our site. If you make a purchase via links on this page we will earn commission - learn more
The French dominated our toilette f… [+4931 chars]",Dailymail.com,2026-07-24 16:05:52+00:00,https://www.dailymail.com/lifestyle/beauty/article-15993707/Indian-beauty-products-revive-skin-ROSIE-GREEN.html
^BSESN,Congress Party holds ‘funeral’ for India PM Modi and cabinet ministers,Congress Party holds ‘funeral’ for India PM Modi and cabinet ministers.,"NewsFeed
The youth wing of Indias Congress Party has staged a symbolic funeral for Prime Minister Narendra Modi and two ministers, including Education Minister Dharmendra Pradhan, over the July 20 c… [+28 chars]",Al Jazeera English,2026-07-24 16:04:38+00:00,https://www.aljazeera.com/video/newsfeed/2026/7/24/congress-party-holds-funeral-for-india-pm-modi-and-cabinet-ministers
RELIANCE.NS,Malawi commissions first standalone utility-scale battery storage project to strengthen grid reliability and unlock energy access for households and businesses,"The 20 MW battery storage facility, delivered in partnership with the Electricity Supply Corporation of Malawi (ESCOM) and the Global Energy Alliance, is backed by USD 20 million in catalytic grant financing. The landmark project will improve electricity reli…","<ul><li>The 20 MW battery storage facility, delivered in partnership with the Electricity Supply Corporation of Malawi (ESCOM) and the Global Energy Alliance, is backed by USD 20 million in catalytic… [+7001 chars]",PR Newswire UK,2026-07-24 16:29:00+00:00,https://www.prnewswire.co.uk/news-releases/malawi-commissions-first-standalone-utility-scale-battery-storage-project-to-strengthen-grid-reliability-and-unlock-energy-access-for-households-and-businesses-302834264.html
RELIANCE.NS,Malawi commissions first standalone utility-scale battery storage project to strengthen grid reliability and unlock energy access for households and businesses,"The 20 MW battery storage facility, delivered in partnership with the Electricity Supply Corporation of Malawi (ESCOM) and the Global Energy Alliance, is backed by USD 20 million in catalytic grant financing. The landmark project will improve electricity reli…","<ul><li>The 20 MW battery storage facility, delivered in partnership with the Electricity Supply Corporation of Malawi (ESCOM) and the Global Energy Alliance, is backed by USD 20 million in catalytic… [+7051 chars]",PRNewswire,2026-07-24 16:22:00+00:00,https://www.prnewswire.com/news-releases/malawi-commissions-first-standalone-utility-scale-battery-storage-project-to-strengthen-grid-reliability-and-unlock-energy-access-for-households-and-businesses-302834257.html
RELIANCE.NS,Build an explainable next-best-product recommendation system for banking on AWS,"Learn the architecture and design decisions behind an explainable next-best-product recommendation system for banking, built with Amazon SageMaker AI and PyTorch. A multi-tower neural network with learned attention delivers accurate, per-customer recommendati…","Building a deep learning-based explainable next-best-product recommendation system helps banking institutions predict which product a customer needs next. Banks hold vast amounts of customer data, in… [+26478 chars]",Amazon.com,2026-07-24 15:42:11+00:00,https://aws.amazon.com/blogs/machine-learning/build-an-explainable-next-best-product-recommendation-system-for-banking-on-aws/
RELIANCE.NS,Vivakor Surpasses $1 Billion in Annualized Physical Crude Transactions,Two additional recurring commercial programs increase estimated annualized commercial activity to more than $1.09 billion while further expanding Vivakor Supply & Trading's physical crude oil marketing platform.,Two additional recurring commercial programs increase estimated annualized commercial activity to more than $1.09 billion while further expanding Vivakor Supply &amp; Trading's physical crude oil mar… [+7034 chars],GlobeNewswire,2026-07-24 13:15:00+00:00,https://www.globenewswire.com/news-release/2026/07/24/3332871/0/en/Vivakor-Surpasses-1-Billion-in-Annualized-Physical-Crude-Transactions.html
RELIANCE.NS,Gentex Reports Second Quarter 2026 Financial Results,"ZEELAND, Mich., July 24, 2026 (GLOBE NEWSWIRE) -- Gentex Corporation (NASDAQ: GNTX), a leading supplier of digital vision, connected car, dimmable glass, fire protection technologies, medical devices, and consumer electronics, today reported financial results…","ZEELAND, Mich., July 24, 2026 (GLOBE NEWSWIRE) -- Gentex Corporation (NASDAQ: GNTX), a leading supplier of digital vision, connected car, dimmable glass, fire protection technologies, medical devices… [+38994 chars]",GlobeNewswire,2026-07-24 12:00:00+00:00,https://www.globenewswire.com/news-release/2026/07/24/3332811/32299/en/Gentex-Reports-Second-Quarter-2026-Financial-Results.html
RELIANCE.NS,"Cabinet approves Rs 3,030 crore Bhavya Rasayan Scheme for three chemical parks","With a financial commitment of Rs 3,030 crore, the Union Cabinet has approved the Bhavya Rasayan Scheme. This forward-thinking initiative will establish three state-of-the-art chemical parks across India, providing essential plug-and-play infrastructure tailo…","The Union Cabinet on Friday approved the Bhavya Rasayan Scheme (Bharat Audyogik Vikas Yojana Rasayan) with a financial outlay of Rs 3,030 crore to establish three dedicated chemical parks across the … [+2904 chars]",The Times of India,2026-07-24 10:53:25+00:00,https://economictimes.indiatimes.com/industry/indl-goods/svs/chem-/-fertilisers/cabinet-approves-rs-3030-crore-bhavya-rasayan-scheme-for-three-chemical-parks/articleshow/132603217.cms
RELIANCE.NS,"Sensex today | Stock Market Highlights: Sensex, Nifty decline for fifth straight session; Auto, metal stocks drag","Sensex, Nifty, Share Prices Highlights: Indian benchmark indices ended lower for a fifth straight session, with the Sensex falling 331 points and the Nifty losing 102 points, as concerns over US tariffs and West Asia tensions outweighed gains in IT stocks and…","<li></li>
July 24, 2026 16:14Sun Pharma gets Organon shareholders nod for its $11.75-bn acquisition proposal
Sun Pharma gets Organon shareholders nod for its $11.75-bn acquisition proposal
Organon… [+76992 chars]",BusinessLine,2026-07-24 10:52:16+00:00,https://www.thehindubusinessline.com/markets/sensex-nifty50-today-stock-market-highlights-24th-july-2026/article71257579.ece
RELIANCE.NS,Bullish announces Siris to acquire non-core Equiniti business lines,"GEORGE TOWN, Cayman Islands, July 24, 2026 (GLOBE NEWSWIRE) -- Bullish (NYSE: BLSH), an institutionally focused global digital asset platform that provides market infrastructure and information services, today announced that an affiliate of Siris has exercise…","GEORGE TOWN, Cayman Islands, July 24, 2026 (GLOBE NEWSWIRE) -- Bullish (NYSE: BLSH), an institutionally focused global digital asset platform that provides market infrastructure and information servi… [+5989 chars]",GlobeNewswire,2026-07-24 10:45:00+00:00,https://www.globenewswire.com/news-release/2026/07/24/3332768/0/en/Bullish-announces-Siris-to-acquire-non-core-Equiniti-business-lines.html
RELIANCE.NS,"DHT Holdings, Inc. Announces Fleet Update","HAMILTON, BERMUDA, July 24, 2026 – DHT Holdings, Inc. (NYSE:DHT) (“DHT” or the “Company”) today announces key developments in its fleet renewal program.  ...","HAMILTON, BERMUDA, July 24, 2026 DHT Holdings, Inc. (NYSE:DHT) (DHT or the Company) today announces key developments in its fleet renewal program. 
The Company has taken delivery of DHT Impala, a VL… [+3188 chars]",GlobeNewswire,2026-07-24 10:15:00+00:00,https://www.globenewswire.com/news-release/2026/07/24/3332741/0/en/DHT-Holdings-Inc-Announces-Fleet-Update.html
RELIANCE.NS,China’s routing of Biden in chip war with US created a communist tech giant,Huawei's chip revenue is expected to hit $12 billion in 2026 as China poured billions in grants into the company after U.S. export controls.,"Despite American export controls designed to cut Huawei off from the world's most advanced semiconductor technology, China's largest technology company is poised to post a 60% jump in chip revenue th… [+5033 chars]",Fox News,2026-07-24 09:00:35+00:00,https://www.foxnews.com/politics/chinas-routing-biden-chip-war-us-created-communist-tech-giant
RELIANCE.NS,"Essays on trade, geography, and development","Yu, L. (2026). Essays on trade, geography, and development [PhD thesis]. London School of Economics and Political Science. https://doi.org/10.21953/researchonline.lse.ac.uk.00140347","This thesis consists of three independent chapters in international trade, environmental economics, and the geography of economic activity. A common theme running through the thesis is that shocks an… [+5174 chars]",Lse.ac.uk,2026-07-24 08:53:01+00:00,https://researchonline.lse.ac.uk/id/eprint/140347/
RELIANCE.NS,OEUK Hails 'Constructive Meeting' with New Energy Sec,"Offshore Energies UK announced that its CEO, David Whitehouse, had a 'constructive meeting' with the UK's new Secretary of State for Energy.","In a statement sent to Rigzone on Thursday, industry body Offshore Energies UK (OEUK) announced that its CEO, David Whitehouse, had a “constructive meeting” with the UK’s new Secretary of State for E… [+7227 chars]",Rigzone,2026-07-24 08:37:52+00:00,https://www.rigzone.com/news/oeuk_hails_constructive_meeting_with_new_energy_sec-24-jul-2026-184205-article/
RELIANCE.NS,"Canada's Enervoxa plans India rare earths project, may tie up with Vedanta, Hindalco, NALCO","Canadian climate technology company Enervoxa plans to partner with Vedanta, Hindalco and NALCO to build a rare earth processing plant in India using aluminium waste, or red mud. The project aims to strengthen India's rare earth processing capabilities, reduce…","NEW DELHI: Canadian climate technology developer Enervoxa plans talks with India's Vedanta, Hindalco Industries and state-run NALCO as it looks to set up a processing plant in the country to extract … [+2351 chars]",The Times of India,2026-07-24 07:49:02+00:00,https://economictimes.indiatimes.com/industry/indl-goods/svs/metals-mining/canadas-enervoxa-plans-india-rare-earths-project-may-tie-up-with-vedanta-hindalco-nalco/articleshow/132599430.cms
RELIANCE.NS,AMD Ryzen AI Halo Replaces Cloud Servers with 128GB RAM,"The AMD Ryzen AI Halo represents a significant development in local AI processing by focusing on privacy and eliminating reliance on cloud services. Equipped with the Ryzen AI Max Plus 395 chip and 128 GB LPDDR5X unified memory, it is built to handle resource…",The AMD Ryzen AI Halo represents a significant development in local AI processing by focusing on privacy and eliminating reliance on cloud services. Equipped with the Ryzen AI Max Plus 395 chip and 1… [+7514 chars],Geeky Gadgets,2026-07-24 07:45:00+00:00,https://www.geeky-gadgets.com/amd-ryzen-ai-halo/
RELIANCE.NS,Japan to test rare-earth mining 6 km underwater,"Japan will conduct extensive rare earth mining tests in February.  These tests follow successful sample recovery from deep Pacific seabed locations.  The nation seeks to reduce reliance on China for critical minerals.  Traces of yttrium, gadolinium and dyspro…","Tokyo: Japan said Friday it plans to conduct full-scale mining tests in February for rare earth minerals from a seabed near a remote Pacific island, after a mission successfully recovered samples fro… [+2364 chars]",The Times of India,2026-07-24 07:40:01+00:00,https://economictimes.indiatimes.com/news/international/global-trends/japan-to-test-rare-earth-mining-6-km-underwater/articleshow/132599297.cms
RELIANCE.NS,PTC Industries bags artillery gun component order from gun factory Kanpur,"The order includes engineering, manufacturing, and validation of high-integrity components for artillery systems, designed to endure severe load, shock, and vibration","PTC Industries Limited announced on Friday that it has received a development order from Gun Factory Kanpur, a unit of Advanced Weapons and Equipment India Limited, for two major artillery gun compon… [+1748 chars]",BusinessLine,2026-07-24 07:32:34+00:00,https://www.thehindubusinessline.com/companies/ptc-industries-bags-artillery-gun-component-order-from-gun-factory-kanpur/article71261249.ece
RELIANCE.NS,AI Powerplay! Proxy power stocks give up to 100% returns in India's hottest trade this year,"India's power and electrical equipment stocks have emerged as key AI proxy plays, with names like Hitachi Energy, Kirloskar Oil Engines and GE Vernova T&D delivering stellar returns. Analysts believe rising data centre investments will fuel long-term demand, …","India's power and electrical equipment stocks have become one of the strongest proxy trades for the artificial intelligence boom this year, as investors look beyond software and chips to companies th… [+5902 chars]",The Times of India,2026-07-24 06:08:04+00:00,https://economictimes.indiatimes.com/markets/stocks/news/ai-powerplay-proxy-power-stocks-give-up-to-100-returns-in-indias-hottest-trade-this-year/articleshow/132597615.cms
RELIANCE.NS,"Mukesh Ambani’s long game: How Reliance could turn a 3-year spending spree into Rs 90,000 crore of free cash flow","Reliance Industries could generate nearly Rs 90,000 crore in cumulative free cash flow over FY26-FY28 as its heavy investment cycle eases, brokerages say. Stronger earnings from energy and Jio, coupled with moderating capex, may reduce leverage and mark the b…","Billionaire Mukesh Ambanis three-year investment binge may finally be approaching its payoff phase. Reliance Industries, which operated with materially negative free cash flow during the period, coul… [+6264 chars]",The Times of India,2026-07-24 05:29:02+00:00,https://economictimes.indiatimes.com/markets/stocks/news/mukesh-ambanis-long-game-how-reliance-could-turn-a-3-year-spending-spree-into-rs-90000-crore-of-free-cash-flow/articleshow/132597133.cms
RELIANCE.NS,Economic Digest: A Snapshot of Nepal’s Business News,"KATHMANDU: Economic Digest presents a brief yet comprehensive roundup of major business developments in Nepal, delivered in clear and accessible summaries. Nepal’s latest economic indicators present a mixed picture of improving domestic activity alongside per…","KATHMANDU: Economic Digest presents a brief yet comprehensive roundup of major business developments in Nepal, delivered in clear and accessible summaries.
Nepal’s latest economic indicators present… [+16070 chars]",Khabarhub.com,2026-07-24 02:15:04+00:00,https://english.khabarhub.com/2026/24/559948/
RELIANCE.NS,Packaging Corporation of America Q2 Earnings Call Highlights,"Packaging Corporation of America (NYSE:PKG) reported lower adjusted earnings for the second quarter of 2026 compared with the prior year, even as sales and E...","Key Points
<ul><li>Interested in Packaging Corporation of America? Here are five stocks we like better.
</li><li>PCA beat second-quarter guidance despite lower adjusted earnings year over year, as … [+10730 chars]",MarketBeat,2026-07-24 00:05:23+00:00,https://www.marketbeat.com/instant-alerts/packaging-corporation-of-america-q2-earnings-call-highlights-2026-07-23/?utm_source=yahoofinance&amp;utm_medium=yahoofinance
RELIANCE.NS,Trade With Japan: A Pillar Of US Prosperity And Security,"Closer ties will bring more jobs, greater investment, and less dependence on risky supply chains.","Global supply chains have entered a period of growing uncertainty and vulnerability. When natural disasters, pandemics, geopolitical tensions, wars, and protectionist policies cause disruptions of su… [+15617 chars]",Thefreedomfrequency.org,2026-07-24 00:00:00+00:00,https://www.thefreedomfrequency.org/p/trade-with-japan-a-pillar-of-us-prosperity
RELIANCE.NS,NVIDIA and KAIST Launch Joint AI Research Lab to Accelerate AI Innovation in Korea,"Collaboration Will Provide World-Class AI Infrastructure, Research Funding, Internships and Joint Appointments to Advance Agentic AI Model Development for Korea Collaboration Will Provide World-Class AI Infrastructure, Research Funding, Internships and Joint …","News Summary:
<ul><li>NVIDIA and KAIST are launching a joint AI research lab at the KAIST Kim Jaechul Graduate School of AI in Seoul, dedicated to advancing agentic AI models and agent systems built… [+7052 chars]",GlobeNewswire,2026-07-23 23:00:00+00:00,https://www.globenewswire.com/news-release/2026/07/23/3332666/0/en/NVIDIA-and-KAIST-Launch-Joint-AI-Research-Lab-to-Accelerate-AI-Innovation-in-Korea.html
RELIANCE.NS,The Next AI Winners May Not Be the Magnificent Seven: 3 Mid-Cap ETFs to Watch,"The Magnificent Seven grabbed the first wave of AI profits, but a quieter group of mid-cap companies is quietly positioning for what comes next. Three ETFs a...","Quick Read
<ul><li>XMMO's momentum strategy has delivered nearly 100% over three years, while VOT and IWP offer broader mid-cap AI exposure at lower cost.
</li><li>As AI adoption spreads beyond sem… [+7084 chars]",24/7 Wall St.,2026-07-23 22:45:37+00:00,https://247wallst.com/investing/etf/2026/07/23/the-next-ai-winners-may-not-be-the-magnificent-seven-3-mid-cap-etfs-to-watch/
RELIANCE.NS,AppFolio Q2 Earnings Call Highlights,"AppFolio (NASDAQ:APPF) reported strong second-quarter 2026 results, with management highlighting continued revenue growth, expanding margins, increased platf...","Key Points
<ul><li>Interested in AppFolio, Inc.? Here are five stocks we like better.
</li><li>AppFolio delivered strong Q2 2026 results, with revenue up 19% year over year to $281 million and oper… [+9121 chars]",MarketBeat,2026-07-23 22:06:16+00:00,https://www.marketbeat.com/instant-alerts/appfolio-q2-earnings-call-highlights-2026-07-23/?utm_source=yahoofinance&amp;utm_medium=yahoofinance
RELIANCE.NS,Almonty to Voluntarily Delist From ASX,"DILLON, Mont. — Almonty Industries Inc. (“Almonty” or the “Company“) (NASDAQ: ALM) (TSX: AII) (ASX: AII) (Frankfurt: ALI1) announces that the Company has requested and received formal approval from the Australian Securities Exchange (“ASX”) to be removed from…",CDI Holders may sell their CDIs on the ASX at any time prior to the close of trading on the Suspension Date by contacting their stockbroker or financial advisor who can arrange the sale. After the Su… [+8130 chars],Financial Post,2026-07-23 21:36:19+00:00,https://financialpost.com/pmn/business-wire-news-releases-pmn/almonty-to-voluntarily-delist-from-asx
RELIANCE.NS,Phillips Edison & Company Reports Second Quarter 2026 Results,"CINCINNATI, July 23, 2026 (GLOBE NEWSWIRE) -- Phillips Edison & Company, Inc. (Nasdaq: PECO) (“PECO” or the “Company”), one of the nation’s largest owners and operators of high-quality, grocery-anchored neighborhood shopping centers, today reported financial …","CINCINNATI, July 23, 2026 (GLOBE NEWSWIRE) -- Phillips Edison &amp; Company, Inc. (Nasdaq: PECO) (PECO or the Company), one of the nations largest owners and operators of high-quality, grocery-anchor… [+57484 chars]",GlobeNewswire,2026-07-23 20:16:00+00:00,https://www.globenewswire.com/news-release/2026/07/23/3332599/0/en/Phillips-Edison-Company-Reports-Second-Quarter-2026-Results.html
RELIANCE.NS,Deep Isolation Announces Timing of Second Quarter 2026 Earnings Release,"BERKELEY, Calif., July 23, 2026 (GLOBE NEWSWIRE) -- Deep Isolation Nuclear, Inc. (OTCQB: DBHL) (“Deep Isolation” or the “Company”), a leading innovator in nuclear waste disposal technology, today announced it will report its second quarter 2026 earnings befor…","BERKELEY, Calif., July 23, 2026 (GLOBE NEWSWIRE) -- Deep Isolation Nuclear, Inc. (OTCQB: DBHL) (Deep Isolation or the Company), a leading innovator in nuclear waste disposal technology, today announc… [+7205 chars]",GlobeNewswire,2026-07-23 20:15:00+00:00,https://www.globenewswire.com/news-release/2026/07/23/3332598/0/en/Deep-Isolation-Announces-Timing-of-Second-Quarter-2026-Earnings-Release.html
RELIANCE.NS,ROBERT HALF REPORTS SECOND-QUARTER FINANCIAL RESULTS,"MENLO PARK, Calif., July 23, 2026 /PRNewswire/ -- Robert Half Inc. (NYSE: RHI) today reported revenues and earnings for the second quarter ended June 30, 2026. For the three months ended June 30, 2026, net income was $26 million, or $0.26 per share, on revenu…","MENLO PARK, Calif., July 23, 2026 /PRNewswire/ -- Robert Half Inc. (NYSE: RHI) today reported revenues and earnings for the second quarter ended June 30, 2026.
For the three months ended June 30, 20… [+78216 chars]",PRNewswire,2026-07-23 20:05:00+00:00,https://www.prnewswire.com/news-releases/robert-half-reports-second-quarter-financial-results-302833679.html
RELIANCE.NS,"[Latest] Global Molybdenum 99 Market Size/Share Worth USD 8.33 Billion by 2035 at a 4.89% CAGR: Healthcare Foresights (Analysis, Outlook, Leaders, Report, Trends, Forecast, Segmentation, Growth Rate, Value, SWOT Analysis)","[220+ Pages Latest Report] According to a market research study published by Healthcare Foresights, the demand analysis of Global Molybdenum 99 Market size & share revenue was valued at approximately USD 5.17 Billion in 2025 and is expected to reach USD 5.40 …","Austin, TX, USA, July 24, 2026 (GLOBE NEWSWIRE) -- Healthcare Foresights has published a new research report titled Molybdenum-99 Market Size, Trends and Insights By Production Method (Reactor-Based … [+21547 chars]",GlobeNewswire,2026-07-23 19:30:00+00:00,https://www.globenewswire.com/news-release/2026/07/23/3332525/0/en/Latest-Global-Molybdenum-99-Market-Size-Share-Worth-USD-8-33-Billion-by-2035-at-a-4-89-CAGR-Healthcare-Foresights-Analysis-Outlook-Leaders-Report-Trends-Forecast-Segmentation-Growt.html
RELIANCE.NS,AAI 2026: AMD Delivers Full-Stack Compute for the Agentic AI Era,"AMD launches broad high-performance computing and physical AI portfolios, including its first rack-scale AI solution and the world’s most powerful AI rack, AMD Helios. News Highlights At Advancing AI 2026, AMD launches 6th Gen AMD EPYC™ CPUs, AMD Instinct™ MI…","At Advancing AI, AT&amp;T illustrated how it is deploying flexible enterprise AI using AMD technology across cloud, on-premises and air-gapped environments. AT&amp;T is also using AMD Instinct GPUs a… [+7544 chars]",Financial Post,2026-07-23 18:32:53+00:00,https://financialpost.com/globe-newswire/aai-2026-amd-delivers-full-stack-compute-for-the-agentic-ai-era
RELIANCE.NS,AAI 2026: AMD Delivers Full-Stack Compute for the Agentic AI Era,"AMD launches broad high-performance computing and physical AI portfolios, including its first rack-scale AI solution and the world’s most powerful AI rack, AMD Helios. AMD launches broad high-performance computing and physical AI portfolios, including its fir…","News Highlights
<ul><li>At Advancing AI 2026, AMD launches 6th Gen AMD EPYC CPUs, AMD Instinct MI400 Series GPUs, AMD Helios AI rackscale solutions, AMD Ryzen AI Embedded X100 processors and the AMD… [+21838 chars]",GlobeNewswire,2026-07-23 18:30:00+00:00,https://www.globenewswire.com/news-release/2026/07/23/3332491/0/en/AAI-2026-AMD-Delivers-Full-Stack-Compute-for-the-Agentic-AI-Era.html
RELIANCE.NS,Sweden eases mining permits to cut China minerals reliance,Sweden has declared the mining of critical minerals and rare earths a national security interest. This will ease and expedite the permit process. The government said the step was needed to counter dependence on China.,"Sweden on Thursday announced plans to try to boost its mining sector, particularly when it comes to rare earths, and counter European dependence on China. 
Resource-rich Sweden is already home to Eu… [+4167 chars]",DW (English),2026-07-23 18:08:00+00:00,https://www.dw.com/en/sweden-eases-mining-permits-to-cut-china-minerals-reliance/a-78087394
RELIANCE.NS,AMD and Cerebras Announce Industry-Leading Ultra-Low-Latency and High Throughput AI Inference Solution,News Highlights   AMD and Cerebras are collaborating to advance a workload-optimized approach to ultra-low-latency AI inference infrastructure.  AMD...,"News Highlights 
<ul><li>AMD and Cerebras are collaborating to advance a workload-optimized approach to ultra-low-latency AI inference infrastructure.  </li><li>AMD Helios and the Cerebras Wafer-Sca… [+14845 chars]",GlobeNewswire,2026-07-23 17:45:00+00:00,https://www.globenewswire.com/news-release/2026/07/23/3332477/0/en/AMD-and-Cerebras-Announce-Industry-Leading-Ultra-Low-Latency-and-High-Throughput-AI-Inference-Solution.html
RELIANCE.NS,Hybrid Hydropower Could Unlock Europe’s Next Renewable Energy Boom,"There is major potential to develop hybrid renewable energy projects on existing hydropower sites, according to a new report by the think tank Ember Energy. We often think of renewable energy projects as standalone operations rather than resources that can be…","The United Kingdom is reviving…
China is nearing completion of…
China is expanding its influence…
Set us as your preferred Google source
By Felicity Bradstock - Jul 23, 2026, 12:00 PM CDTThere is… [+5441 chars]",OilPrice.com,2026-07-23 17:00:00+00:00,https://oilprice.com/Alternative-Energy/Hydroelectric/Hybrid-Hydropower-Could-Unlock-Europes-Next-Renewable-Energy-Boom.html
RELIANCE.NS,A ‘Knife Fight’ Is Coming as AI Boom Creates a Natural Gas Crisis,"Investors poured money into chipmakers while AI quietly created a crisis in a far older industry, and one firm's 18-month research effort suggests the real b...","Quick Read
<ul><li>Matthew Smith warns a structural U.S. natural gas shortage could emerge by 2028, as LNG export growth consumes most of the projected 20 Bcf/day production increase.
</li><li>Ener… [+5102 chars]",24/7 Wall St.,2026-07-23 16:11:24+00:00,https://247wallst.com/investing/2026/07/23/a-knife-fight-is-coming-as-ai-boom-creates-a-natural-gas-crisis/
RELIANCE.NS,Dangote refinery completes $2.5bn equity placement,"Dangote Petroleum Refinery successfully completes a $2.5bn private equity placement, attracting significant international and African investor interest. Th

Read More: https://punchng.com/dangote-refinery-completes-2-5bn-equity-placement/","Dangote Petroleum Refinery and Petrochemicals has completed a landmark $2.5bn private equity placement after the offer attracted demand more than three times the initial size.
The company said the t… [+3517 chars]",The Punch,2026-07-23 15:25:55+00:00,https://punchng.com/dangote-refinery-completes-2-5bn-equity-placement/
RELIANCE.NS,Risks in financing AI,Financial guardrails needed to curb AI exuberance,"While the AI boom will change the world for the better, is the world financing that change wisely?
The world has made up its mind about artificial intelligence (AI). Governments across the globe are… [+6456 chars]",BusinessLine,2026-07-23 15:24:19+00:00,https://www.thehindubusinessline.com/opinion/risks-in-financing-ai/article71258965.ece
RELIANCE.NS,Greece Exposes the Limits of Europe's Russia Energy Sanctions,"The last EU agreement about the latest sanctions package against Russia is being presented by Brussels as another demonstration of European unity and determination to sustain economic pressure on the Kremlin. Since February 2022, sanctions have been one of th…","The oil market has far…
The South Caucasus is emerging…
AI's soaring power demand is…
Set us as your preferred Google source
By Cyril Widdershoven - Jul 23, 2026, 10:00 AM CDTThe last EU agreemen… [+8620 chars]",OilPrice.com,2026-07-23 15:00:00+00:00,https://oilprice.com/Energy/Energy-General/Greece-Exposes-the-Limits-of-Europes-Russia-Energy-Sanctions.html
RELIANCE.NS,Weak housing market hurts big and bulky last-mile delivery,Last-mile delivery of big items is slowing down as fewer houses change hands in a difficult real estate market. Carriers are trying to beat competitors in a...,Growth in last-mile delivery for big and bulky e-commerce items has slowed by half because stagnant home sales mean people are ordering fewer large-ticket discretionary items like furniture and appli… [+7850 chars],Yahoo Entertainment,2026-07-23 14:24:29+00:00,https://finance.yahoo.com/real-estate/articles/weak-housing-market-hurts-big-142429854.html
RELIANCE.NS,Nuclear Innovator Deep Isolation Selected by DOE for Three Project GENESIS Initiatives Advancing AI-Driven Nuclear Waste Research,"Deep Isolation Joins Lawrence Berkeley National Laboratory and the University of South Carolina on Three DOE Project GENESIS Awards to Accelerate AI-Enabled Repository Siting, Design, and Performance Analysis for Nuclear Waste Disposal Deep Isolation Joins La…","BERKELEY, Calif., July 23, 2026 (GLOBE NEWSWIRE) -- Deep Isolation Nuclear, Inc. (OTCQB: DBHL) (Deep Isolation or the Company), a leading innovator in nuclear waste disposal technology, today announc… [+11776 chars]",GlobeNewswire,2026-07-23 14:11:00+00:00,https://www.globenewswire.com/news-release/2026/07/23/3332317/0/en/Nuclear-Innovator-Deep-Isolation-Selected-by-DOE-for-Three-Project-GENESIS-Initiatives-Advancing-AI-Driven-Nuclear-Waste-Research.html
RELIANCE.NS,Stock markets fall for 4th day; Sensex down 363 points on surging crude oil prices - The Tribune,"Stock markets closed with losses for the fourth straight day on Thursday, with the benchmark Sensex falling by 363 points as a sharp jump in crude oil prices due to escalating tensions in West Asia hit investor sentiment.","Stock markets closed with losses for the fourth straight day on Thursday, with the benchmark Sensex falling by 363 points as a sharp jump in crude oil prices due to escalating tensions in West Asia h… [+3206 chars]",The Tribune India,2026-07-23 13:40:02+00:00,https://www.tribuneindia.com/news/business/stock-markets-fall-for-4th-day-sensex-down-363-points-on-surging-crude-oil-prices/
RELIANCE.NS,Hindalco chairman Kumar Mangalam Birla unfazed by new rivals in aluminium,"Hindalco chairman Kumar Mangalam Birla dismissed competitive threats from Adani Group's new $11.5 billion aluminium venture, citing the company's low-cost production edge. The AGM comments came even as Hindalco reported a 15% revenue rise but a 16% profit dro…","Hindalco Industries is not worried about intensifying competition in India's aluminium sector, with chairman Kumar Mangalam Birla saying the company's position among the world's lowest-cost producers… [+4787 chars]",Livemint,2026-07-23 13:22:01+00:00,https://pre-prod-react.livemint.com/companies/hindalco-chairman-kumar-mangalam-birla-unfazed-by-new-rivals-in-aluminium-11784807198726.html
RELIANCE.NS,Autonomous Defense Technologies Set to Ignite a Nearly $200 Billion Global Market,"AI-Powered Military Drones, Autonomous Platforms, and Next-Generation Defense Systems Are Fueling One of the Fastest-Growing Opportunities in Aerospace and Defense NEW YORK, July 23, 2026 /PRNewswire/ -- Market News Updates News Commentary - Around the globe,…","AI-Powered Military Drones, Autonomous Platforms, and Next-Generation Defense Systems Are Fueling One of the Fastest-Growing Opportunities in Aerospace and Defense
NEW YORK, July 23, 2026 /PRNewswir… [+15028 chars]",PRNewswire,2026-07-23 12:45:00+00:00,https://www.prnewswire.com/news-releases/autonomous-defense-technologies-set-to-ignite-a-nearly-200-billion-global-market-302833247.html
RELIANCE.NS,The Sky Is No Longer the Limit: Drones as a Service Adoption Reaches Critical Mass Projected to Exceed $250 Billion Growth,"Drone-as-a-Service Is Transforming How Companies Inspect, Monitor, Map, and Manage Critical Assets Market News Updates News Commentary NEW YORK, July 23, 2026 /PRNewswire/ -- Businesses are increasingly turning to Drone-as-a-Service (DaaS) to gain access to a…","Drone-as-a-Service Is Transforming How Companies Inspect, Monitor, Map, and Manage Critical Assets
Market News Updates News Commentary
NEW YORK, July 23, 2026 /PRNewswire/ -- Businesses are increas… [+14496 chars]",PRNewswire,2026-07-23 12:30:00+00:00,https://www.prnewswire.com/news-releases/the-sky-is-no-longer-the-limit-drones-as-a-service-adoption-reaches-critical-mass-projected-to-exceed-250-billion-growth-302833019.html
RELIANCE.NS,"Consumer Edge Data Reveals Buy Now, Pay Later Adoption Nears Record High as Financial Strain Deepens Among Lower-Income Households","Q2 2026 Transaction Data Shows Buy Now, Pay Later Momentum with Increasing Economic Strain Across Consumer Segments NEW YORK, July 23, 2026 /PRNewswire/ -- Consumer Edge, the leading provider of global consumer data-driven insights, released its Q2 2026 Buy N…","Q2 2026 Transaction Data Shows Buy Now, Pay Later Momentum with Increasing Economic Strain Across Consumer Segments
NEW YORK, July 23, 2026 /PRNewswire/ -- Consumer Edge, the leading provider of glo… [+4770 chars]",PRNewswire,2026-07-23 12:00:00+00:00,https://www.prnewswire.com/news-releases/consumer-edge-data-reveals-buy-now-pay-later-adoption-nears-record-high-as-financial-strain-deepens-among-lower-income-households-302832865.html
RELIANCE.NS,UMeWorld Advances Project Verdant™ SCO Feedstock Deployment Strategy Through Strategic Investment,"UMeWorld establishes a direct position in SCO commercialization, advancing Project Verdant’s renewable feedstock deployment strategy....","MIAMI, July 23, 2026 (GLOBE NEWSWIRE) -- UMeWorld Inc. (OTCID: UMEW) (UMeWorld or the Company) today announced that it has signed an agreement to establish a China-based microbial oil company focused… [+7028 chars]",GlobeNewswire,2026-07-23 12:00:00+00:00,https://www.globenewswire.com/news-release/2026/07/23/3332063/0/en/UMeWorld-Advances-Project-Verdant-SCO-Feedstock-Deployment-Strategy-Through-Strategic-Investment.html
RELIANCE.NS,ZenaTech’s Drone as a Service Closes 26th Acquisition of an Ohio-based Land Surveying Company Licensed in Four States,"First location based in Ohio and the 12th U.S. state expands DaaS to additional construction, infrastructure, energy and public works customer opportunities VANCOUVER, British Columbia, July 23, 2026 (GLOBE NEWSWIRE) — ZenaTech, Inc. (Nasdaq: ZENA) (FSE: 49Q)…","About ZenaTech 
ZenaTech, Inc. (Nasdaq: ZENA) (FSE: 49Q) (BMV: ZENA) is a technology company that specializes in AI autonomy drone platforms to transform industrial, government, and defense sectors.… [+5319 chars]",Financial Post,2026-07-23 11:36:30+00:00,https://financialpost.com/globe-newswire/zenatechs-drone-as-a-service-closes-26th-acquisition-of-an-ohio-based-land-surveying-company-licensed-in-four-states
RELIANCE.NS,ZenaTech's Drone as a Service Closes 26th Acquisition of an Ohio-based Land Surveying Company Licensed in Four States,ZenaTech's Drone as a Service Closes 26th Acquisition of an Ohio-based Land Surveying Company Licensed in Four States...,"VANCOUVER, British Columbia, July 23, 2026 (GLOBE NEWSWIRE) -- ZenaTech, Inc. (Nasdaq: ZENA) (FSE: 49Q) (BMV: ZENA) (ZenaTech), a technology solution provider specializing in AI (Artificial Intellige… [+8989 chars]",GlobeNewswire,2026-07-23 11:30:00+00:00,https://www.globenewswire.com/news-release/2026/07/23/3332041/0/en/ZenaTech-s-Drone-as-a-Service-Closes-26th-Acquisition-of-an-Ohio-based-Land-Surveying-Company-Licensed-in-Four-States.html
RELIANCE.NS,"Sensex today | Stock Market Highlights: Markets slip for 4th straight day as crude rises; Sensex drops 363 pts, Nifty ends below 23,870","Sensex Today, Nifty 50 | Stock Market Highlights: Find here all the highlights related to Sensex, Nifty, BSE, NSE, share prices and Indian stock markets for July 23, 2026.","<li></li>
July 23, 2026 16:20Aastha Spintex board clears 1:1 bonus issue, expands into value-added textiles
Aastha Spintex approves 1:1 bonus issue, raises authorised capital to Rs 100 crore
Aasth… [+57953 chars]",BusinessLine,2026-07-23 11:07:42+00:00,https://www.thehindubusinessline.com/markets/sensex-nifty50-today-stock-market-highlights-23rd-july-2026/article71253376.ece
TCS.NS,"India's HCLTech to invest $1.48 billion in AI data center, open 5,000-seat tech hub","HCLTech will invest $1.48 billion to set up its first AI data centre in Odisha with Sarvam AI, as Indian IT firms expand into AI infrastructure. The Bhubaneswar project will offer full-stack AI solutions, while HCLTech will also open a technology centre emplo…",India's HCLTech said on Friday it would invest 142.57 billion rupees ($1.48 billion) to set up its first AI data center in the eastern state of Odisha in partnership with homegrown startup Sarvam AI.… [+1602 chars],The Times of India,2026-07-24 11:00:33+00:00,https://economictimes.indiatimes.com/tech/technology/hcltech-to-invest-1-48-billion-in-ai-data-center-open-5000-seat-tech-hub/articleshow/132603439.cms
TCS.NS,"Stock Markets End Lower As Sensex Falls Nearly 300 Points, Nifty Tests 23,800","Shares of InterGlobe Aviation, the parent company of IndiGo, fell over 2 per cent after the airline reported a net loss of Rs 238 crore for the quarter ended June.","The Indian benchmark indices declined on Friday as the Sensex declined 275 points to close at 76,115 and the Nifty fell 82 points to close trade at 23,767 at 3:30 PM.
In the 30-share BSE Sensex, amo… [+3031 chars]",Abplive.com,2026-07-24 10:26:03+00:00,https://news.abplive.com/business/stocks-closing-bell-stock-market-oil-prices-atf-global-markets-us-iran-war-nifty-sensex-1858399
TCS.NS,"AMD sees compute mkt zooming to $2 trillion by 2030, launches new products",The company also expects the global server CPU market to expand more than eight-fold to over $200 billion by 2030 from about $25 billion today,"Growing use of artificial intelligence (AI) across all spheres is set to take the overall market for compute infrastructure to $2 trillion by 2030 from $365 billion in 2025, global semiconductor majo… [+5378 chars]",BusinessLine,2026-07-24 08:06:25+00:00,https://www.thehindubusinessline.com/info-tech/computers-and-laptops/amd-sees-compute-mkt-zooming-to-2-trillion-by-2030-launches-new-products/article71261175.ece
TCS.NS,"India's HCLTech to invest $1.48 billion in AI data center, open 5,000-seat tech hub",India's HCLTech said on Friday it would invest 142.57 billion rupees ($1.48 billion) to set up its first AI ‌data center in the eastern state of Odisha in pa...,July 24 (Reuters) - India's HCLTech said on Friday it would invest 142.57 billion rupees ($1.48 billion) to set up its first AI data center in the eastern state of Odisha in partnership with homegrow… [+1710 chars],Yahoo Entertainment,2026-07-24 06:50:04+00:00,https://finance.yahoo.com/technology/ai/articles/indias-hcltech-sarvam-set-1-065004157.html
TCS.NS,"Why Infosys picked Dash: AI bets, continuity and the search for stability",Infosys’ decision to name company veteran Ashiss Dash as its next CEO is a bet on continuity and AI leadership to navigate an uncertain future for IT services.,"Early on in his career, he began focusing on quality program execution and growing relationships that were believed to have peaked. The company noticed his hunger and his drive and he was invited to … [+5674 chars]",Livemint,2026-07-24 05:51:02+00:00,https://www.livemint.com/companies/why-infosys-picked-ashiss-dash-ai-bets-continuity-search-for-stability-11784865145992.html
TCS.NS,India's IT giants grapple with weak growth despite resilient deal momentum,"Infosys reported results below expectations, impacting its stock performance negatively.  Other major IT companies also showed weak revenue growth in dollar terms.  AI-driven sales are gaining traction, though still on a small base.  Profitability varied acro…",ET Intelligence Group: The performance of Infosys in the June quarter was marginally below expectations on both revenue and profit fronts in terms of dollar as well as rupee terms. The company also l… [+2258 chars],The Times of India,2026-07-24 00:04:59+00:00,https://economictimes.indiatimes.com/markets/stocks/earnings/indias-it-giants-grapple-with-weak-growth-despite-resilient-deal-momentum/articleshow/132594084.cms
TCS.NS,Infosys headcount falls by 532 employees in June quarter,"The Bengaluru-headquartered company said it hired over 4,000 college graduates in the just-concluded quarter. Overall, it plans to recruit 20,000 college graduates this fiscal, similar to the previous year.","Indian IT services company Infosys saw its employee count drop sequentially by 532 in the first quarter, with the total workforce tally at 3,28,062.The Bengaluru-headquartered company said it hired o… [+2119 chars]",The Times of India,2026-07-23 17:36:29+00:00,https://economictimes.indiatimes.com/tech/information-tech/infosys-headcount-falls-by-532-employees-in-june-quarter/articleshow/132588803.cms
TCS.NS,"Global Healthcare IT Market to Reach $961.26 Billion by 2030, Driven by AI, EHR and Telehealth Adoption","Healthcare providers remain the largest end-user segment, while telehealth leads clinical healthcare IT. Asia Pacific is expected to record the highest growth, supported by improving infrastructure and HCIT adoption. Key players include Optum, Oracle, Philips…","Dublin, July 23, 2026 (GLOBE NEWSWIRE) -- The ""Healthcare IT Market by Solution, End User - Global Forecast to 2030"" has been added to ResearchAndMarkets.com's offering.
The global healthcare IT mar… [+8022 chars]",GlobeNewswire,2026-07-23 14:26:00+00:00,https://www.globenewswire.com/news-release/2026/07/23/3332340/28124/en/Global-Healthcare-IT-Market-to-Reach-961-26-Billion-by-2030-Driven-by-AI-EHR-and-Telehealth-Adoption.html
TCS.NS,Stock markets fall for 4th day; Sensex down 363 points on surging crude oil prices - The Tribune,"Stock markets closed with losses for the fourth straight day on Thursday, with the benchmark Sensex falling by 363 points as a sharp jump in crude oil prices due to escalating tensions in West Asia hit investor sentiment.","Stock markets closed with losses for the fourth straight day on Thursday, with the benchmark Sensex falling by 363 points as a sharp jump in crude oil prices due to escalating tensions in West Asia h… [+3206 chars]",The Tribune India,2026-07-23 13:40:02+00:00,https://www.tribuneindia.com/news/business/stock-markets-fall-for-4th-day-sensex-down-363-points-on-surging-crude-oil-prices/
TCS.NS,Why companies should let employees work from anywhere,"Will the future of work see employers adopt “work from anywhere” models for their employees? It should, according to Prithwiraj Choudhury‘s The World Is Your Office. He argues that inflexible … Continued
The post Why companies should let employees work from a…","Will the future of work see employers adopt “work from anywhere” models for their employees? It should, according to Prithwiraj Choudhury‘s The World Is Your Office. He argues that inflexible compani… [+7755 chars]",Lse.ac.uk,2026-07-23 13:09:31+00:00,https://blogs.lse.ac.uk/lsereviewofbooks/2026/07/23/book-review-the-world-is-your-office-how-work-from-anywhere-boosts-talent-poductivity-and-innovation-prithwiraj-choudhury/
TCS.NS,Why are companies on the hunt for Forward Deployment Engineers? Explained,"Forward Deployment Engineers are essentially software engineers who, instead of building software, work directly with clients to integrate and customise the software to their own needs","As AI increasingly becomes centrepiece in the tech landscape, many traditional IT roles are set to evolve. Forward Deployment Engineer (FDE) is one such function that has found a second wind recently… [+4460 chars]",BusinessLine,2026-07-23 11:36:51+00:00,https://www.thehindubusinessline.com/info-tech/why-are-companies-on-the-hunt-for-forward-deployment-engineers-explained/article71257000.ece
TCS.NS,"India's Infosys misses quarterly revenue view, names insider as CEO designate","BENGALURU, July 23 : Infosys reported lower-than-expected quarterly revenue on Thursday as clients held back spending amid disruption from artificial intelligence, and named insider Ashiss Kumar Dash as CEO designate, set to take over in April 2027.Current CE…","BENGALURU, July 23 : Infosys reported lower-than-expected quarterly revenue on Thursday as clients held back spending amid disruption from artificial intelligence, and named insider Ashiss Kumar Dash… [+1569 chars]",CNA,2026-07-23 11:07:53+00:00,https://www.channelnewsasia.com/business/indias-infosys-misses-quarterly-revenue-view-names-insider-ceo-designate-6273531
TCS.NS,"Infosys names insider Ashiss Kumar Dash next CEO, trims annual growth forecast","BENGALURU, July 23 : Infosys named company veteran Ashiss Kumar Dash as its next CEO on Thursday, tapping a three-decade insider to lead India's No. 2 IT firm through an AI-driven upheaval reshaping the technology services industry.Dash, who heads the company…","BENGALURU, July 23 : Infosys named company veteran Ashiss Kumar Dash as its next CEO on Thursday, tapping a three-decade insider to lead India's No. 2 IT firm through an AI-driven upheaval reshaping … [+1564 chars]",CNA,2026-07-23 11:07:53+00:00,https://www.channelnewsasia.com/business/infosys-names-insider-ashiss-kumar-dash-next-ceo-trims-annual-growth-forecast-6273531
TCS.NS,"Infosys names insider Ashiss Kumar Dash next CEO, trims growth forecast","BENGALURU, July 23 : Infosys named company veteran Ashiss Kumar Dash as its next CEO on Thursday, tapping a three-decade insider to lead India's No. 2 IT firm through an AI-driven upheaval reshaping the technology services industry.The succession plan was ann…","BENGALURU, July 23 : Infosys named company veteran Ashiss Kumar Dash as its next CEO on Thursday, tapping a three-decade insider to lead India's No. 2 IT firm through an AI-driven upheaval reshaping … [+2548 chars]",CNA,2026-07-23 11:07:53+00:00,https://www.channelnewsasia.com/business/infosys-names-insider-ashiss-kumar-dash-next-ceo-trims-growth-forecast-6273531
TCS.NS,Global Sustainability Awards 2026 finalists revealed,"Sustainability Magazine reveals the Global Sustainability Awards 2026 finalists, recognising leaders driving environmental and social impact...","London, 22 July 2026 Sustainability Magazine, a BizClik Media brand, has unveiled the shortlist for the Global Sustainability Awards 2026, recognising organisations, projects and individuals deliveri… [+5346 chars]",GlobeNewswire,2026-07-22 14:22:00+00:00,https://www.globenewswire.com/news-release/2026/07/22/3331526/0/en/Global-Sustainability-Awards-2026-finalists-revealed.html
TCS.NS,Eternal’s Q1 profit jumps 4x; Meta blocks Delhi protest content,Eternal reported a significant jump in its revenue and profit for the first quarter of FY27. This and more in today’s ETtech Top 5.,Eternal reported a significant jump in its revenue and profit for the first quarter of FY27. This and more in todays ETtech Top 5.Also in the letter:FSSAI raps healthy food brands IT under pressureZe… [+6684 chars],The Times of India,2026-07-22 13:54:20+00:00,https://economictimes.indiatimes.com/tech/newsletters/tech-top-5/eternals-q1-profit-jumps-4x-meta-blocks-delhi-protest-content/articleshow/132560309.cms
TCS.NS,"LinkedIn names Visakhapatnam, Ludhiana, Surat among top emerging job hubs in India","Non-metro cities in the country are witnessing the strongest jobs momentum, as per ‘Cities on the Rise’ list released by professional networking platform.","New Delhi: Non-metros such as Visakhapatnam, Ludhiana, Surat, Vadodara and Prayagraj lead the list of emerging hubs of job market activity, according to LinkedIn.The second edition of Cities on the R… [+2747 chars]",The Times of India,2026-07-22 09:00:00+00:00,https://economictimes.indiatimes.com/jobs/hr-policies-trends/linkedin-names-visakhapatnam-ludhiana-surat-among-top-emerging-job-hubs-in-india/articleshow/132554981.cms
TCS.NS,Indian conglomerates' new pitch to foreign investors: Build with us from day one,"Instead of waiting to sell stakes after projects are de-risked, India's largest business groups are increasingly bringing in foreign equity partners at the outset to share risk, reduce capital outlay and fund simultaneous expansion across sectors.","In November 2025, Tata Consultancy Services (TCS) secured a $1 billion commitment from American fund manager TPG for its planned entry into data centres. Reducing capital outlay was one of TCS's expl… [+4362 chars]",Livemint,2026-07-22 00:10:25+00:00,https://www.livemint.com/companies/news/indian-conglomerates-new-pitch-to-foreign-investors-build-with-us-from-day-one-tcs-jsw-steel-adani-11784017795414.html
TCS.NS,TCS-OpenAI deal takes shape; Paytm’s AI bet,TCS has secured land in Vizag and Pune that could host OpenAI's first data centres in India. This and more in today's ETtech Top 5.,TCS has secured land in Vizag and Pune that could host OpenAI's first data centres in India. This and more in today's ETtech Top 5.Also in the letter: Qcomm seeks bigger marginsAther wraps up QIPAI e… [+7078 chars],The Times of India,2026-07-21 13:45:53+00:00,https://economictimes.indiatimes.com/tech/newsletters/tech-top-5/tcs-openai-deal-takes-shape-paytms-ai-bet/articleshow/132537920.cms
TCS.NS,HCLTech CEO C Vijayakumar's Remuneration Skyrockets to $18.13 Million in FY26,"HCLTech CEO C Vijayakumar's total salary for the financial year 2025-26 surged by nearly 66.9 per cent to $18.13 million, primarily driven by long-term incentives and stock options, placing him at the top among his Indian IT sector peers.","HCLTech CEO C Vijayakumar's remuneration for the financial year 2025-26 saw a staggering 66.9 per cent increase, reaching $18.13 million, largely propelled by long-term incentives and stock options, … [+3122 chars]",Rediff.com,2026-07-21 07:45:26+00:00,https://www.rediff.com/business/report/hcltech-ceo-c-vijayakumars-remuneration-skyrockets-to-1813-million-in-fy26/20260721.htm
TCS.NS,Indian IT’s new headache: rising hardware costs,"Rising hardware costs are forcing IT firms to rethink pricing, with top executives wary of offering blanket discounts that could erode operating margins.","Changing terms
Tech Mahindra Ltd's chief executive officer (CEO), for one, is refusing to take the hit. As you know, memory prices and chip prices are increasing significantly, and we are not willin… [+3973 chars]",Livemint,2026-07-21 07:36:25+00:00,https://www.livemint.com/industry/infotech/india-it-services-hardware-costs-memory-chip-prices-ai-deals-margins-hcl-tech-mahindra-data-centres-ltm-11784602920228.html
TCS.NS,"Markets Drift Lower Led By HDFC Bank, Foreign Fund Outflows, US-Iran Conflict Weigh On Sentiment","The BSE Sensex declined 238.41 points to settle at 77,470.11, and the NSE Nifty edged lower by 50.80 points to end at 24,187.70","Mumbai: Benchmark indices Sensex and Nifty ended lower on Tuesday as HDFC Bank dragged the markets for a second day after the lender's quarterly earnings disappointed on the margin front.
Besides, e… [+1576 chars]",Etvbharat.com,2026-07-21 05:32:26+00:00,https://www.etvbharat.com/en/business/stock-markets-today-bse-sensex-nse-nifty-latest-updates-july-21-tuesday-enn26072101273
TCS.NS,HCLTech CEO C Vijayakumar's remuneration jumps 67% to $18.13 million in FY26,"Vijayakumar, who is based in the US and draws his salary from the step-down wholly owned subsidiary HCL America Inc., saw his compensation jump primarily due to long-term incentives and stock options.","HCLTech Chief Executive Officer and Managing Director C Vijayakumar drew a total remuneration of USD 18.13 million (about Rs 175 crore) in the financial year 2025-26, marking a steep increase of near… [+1959 chars]",The Times of India,2026-07-21 04:07:00+00:00,https://economictimes.indiatimes.com/tech/information-tech/hcltech-ceo-c-vijayakumars-remuneration-jumps-67-to-18-13-million-in-fy26/articleshow/132527601.cms
TCS.NS,"Ships, Steel, Submarines and now, Servers: How Visakhapatnam is becoming India's new AI gold rush",Visakhapatnam is building over 6GW of AI data centre capacity by 2030. Major companies like Google and Reliance are investing significantly in this coastal city. Subsea cables will connect the region directly to global data traffic networks. The state governm…,"Visakhapatnam is racing to add more than 6GW of AI data centre capacity by 2030, backed by projects worth over Rs 6 lakh crore, with Google, Reliance and Sify already breaking ground in and around th… [+8092 chars]",The Times of India,2026-07-21 04:02:10+00:00,https://economictimes.indiatimes.com/news/india/ships-steel-submarines-and-now-servers-how-visakhapatnam-is-becoming-indias-new-ai-gold-rush/articleshow/132513307.cms
TCS.NS,"Stock market today: Sensex falls over 225 points; Nifty slips below 24,200 in afternoon trade","Stock market is headed for a crucial phase as investors assess a mix of corporate earnings, domestic economic indicators and global developments. Qua","Benchmark equity indices ended lower on Monday, weighed down by sharp losses in HDFC Bank and Axis Bank following their quarterly earnings, while renewed US-Iran tensions also dampened investor senti… [+623 chars]",The Times of India,2026-07-21 03:03:53+00:00,https://timesofindia.indiatimes.com/business/india-business/sensex-stock-market-today-21-july-2026-live-updates-nse-bse-gift-nifty-50-top-gainers-losers-mcx-stocks-in-focus-market-news/liveblog/132526931.cms
TCS.NS,HCLTech CEO C Vijayakumar’s remuneration jumps 67% to $18.13 million in FY26,"HCLTech Chief Executive Officer and Managing Director C Vijayakumar drew a total remuneration of $18.13 million (about ₹175 crore) in the financial year 2025-26, marking a steep increase of nearly 66.9 per cent over the previous year, according to the company…","HCLTech Chief Executive Officer and Managing Director C Vijayakumar drew a total remuneration of $18.13 million (about 175 crore) in the financial year 2025-26, marking a steep increase of nearly 66.… [+1957 chars]",BusinessLine,2026-07-21 01:57:51+00:00,https://www.thehindubusinessline.com/info-tech/hcltech-ceo-c-vijayakumars-remuneration-jumps-67-to-1813-million-in-fy26/article71247851.ece
TCS.NS,HCLTech CEO C Vijayakumar's remuneration jumps 67% to Rs 175 crore in FY26,"Vijayakumar, who is based in the US and draws his salary from the step-down wholly owned subsidiary HCL America Inc., saw his compensation jump primarily due to long-term incentives and stock options.","HCLTech Chief Executive Officer and Managing Director C Vijayakumar drew a total remuneration of $18.13 million (about Rs 175 crore) in the financial year 2025-26, marking a steep increase of nearly … [+1882 chars]",The Times of India,2026-07-20 17:40:51+00:00,https://economictimes.indiatimes.com/tech/information-tech/hcltech-ceo-c-vijayakumars-remuneration-jumps-67-to-rs-175-crore-in-fy26/articleshow/132521506.cms
TCS.NS,"AMD launches Helios, its first rack AI system to rival Nvidia, adding Microsoft as newest buyer","AMD is taking aim at Nvidia with Helios, its first AI rack system, and has landed Microsoft as a new customer, joining Meta, OpenAI and Oracle.","After a decade-long comeback, chip giant Advanced Micro Devices is preparing to ship its first rack-scale system for artificial intelligence, called Helios, to a growing list of customers that now in… [+6976 chars]",CNBC,2026-07-20 13:00:01+00:00,https://www.cnbc.com/2026/07/20/amd-helios-microsoft-ai-nvidia.html
TCS.NS,India’s IT services sector hints at hiring stabilisation,"While the industry shows green shoots in hiring with higher headcount for some companies and improved attrition for others, experts advise monitoring of upcoming quarters to mark out a trend","Indias IT services industry hints at hiring stabilisation in a macro-economically challenged Q1, after nearly a year-long churn in total headcount. The overall consensus among experts leans towards a… [+4053 chars]",BusinessLine,2026-07-19 14:22:53+00:00,https://www.thehindubusinessline.com/info-tech/indias-it-services-sector-hints-at-hiring-stabilisation/article71241572.ece
TCS.NS,India’s IT services sector hints at hiring stabilisation,"While the industry shows green shoots in hiring with higher headcount for some companies and improved attrition for others, experts advise monitoring of upcoming quarters to mark out a trend","Indias IT services industry hints at hiring stabilisation in a macro-economically challenged Q1, after nearly a year-long churn in total headcount. The overall consensus among experts leans towards a… [+4053 chars]",BusinessLine,2026-07-19 13:55:39+00:00,https://www.thehindubusinessline.com/companies/indias-it-services-sector-hints-at-hiring-stabilisation/article71241572.ece
TCS.NS,Mcap Of Five Of Top-10 Most Valued Firms Jumps Rs 1.54 Lakh Cr; TCS Biggest Winner,"Last week, the BSE benchmark Sensex climbed 582.06 points, and the NSE Nifty went up by 127.4 points.","New Delhi: The combined market valuation of five of the top-10 most valued firms jumped Rs 1.54 lakh crore last week, with IT major TCS emerging as the biggest winner, in line with a positive trend i… [+2374 chars]",Etvbharat.com,2026-07-19 08:29:32+00:00,https://www.etvbharat.com/en/business/mcap-of-five-of-top-10-most-valued-firms-jumps-tcs-biggest-winner-enn26071901196
TCS.NS,M-cap of five of top 10 most valued firms jumps Rs 1.54 lakh cr; TCS biggest winner,"Last week marked a significant uplift in the market valuation of five of the top 10 firms, appreciating by Rs 1.54 lakh crore. Tata Consultancy Services claimed the spotlight, boosting its valuation by Rs 72,072.3 crore. ICICI Bank and Reliance Industries als…","The combined market valuation of five of the top-10 most valued firms jumped Rs 1.54 lakh crore last week, with IT major TCS emerging as the biggest winner, in line with a positive trend in equities.… [+2213 chars]",The Times of India,2026-07-19 06:46:18+00:00,https://economictimes.indiatimes.com/markets/stocks/news/m-cap-of-five-of-top-10-most-valued-firms-jumps-rs-1-54-lakh-cr-tcs-biggest-winner/articleshow/132490890.cms
TCS.NS,Mcap of five of top-10 most valued firms jumps ₹1.54 lakh crore; TCS lead gainers,"Reliance Industries remain the most valued firm followed by HDFC Bank, Bharti Airtel, ICICI Bank, State Bank of India, TCS, Bajaj Finance, LIC, Larsen & Toubro and Hindustan Unilever","The combined market valuation of five of the top-10 most valued firms jumped 1.54 lakh crore last week, with IT major TCS emerging as the biggest winner, in line with a positive trend in equities.
L… [+2176 chars]",BusinessLine,2026-07-19 05:38:22+00:00,https://www.thehindubusinessline.com/markets/mcap-of-five-of-top-10-most-valued-firms-jumps-154-lakh-crore-tcs-lead-gainers/article71240740.ece
TCS.NS,"Q1 earnings this week: Infosys, Eternal, Bajaj Auto among 256 companies set to announce June quarter results","The Q1 FY27 earnings season gathers momentum this week, with 256 companies scheduled to announce their April-June quarter results. Key names include Infosys, Eternal, Bajaj Auto, UltraTech Cement, Nestlé India, Adani Power, Paytm and TVS Motor. Investors will…","As many as 256 companies are set to announce their earnings for the April-June quarter (Q1 FY27) this week, with notable names including IT major Infosys, food delivery and quick commerce giant Etern… [+2861 chars]",The Times of India,2026-07-19 04:24:29+00:00,https://economictimes.indiatimes.com/markets/stocks/earnings/q1-earnings-this-week-infosys-eternal-bajaj-auto-among-256-companies-set-to-announce-june-quarter-results/articleshow/132489828.cms
TCS.NS,India's IT model is out of date. Can the industry reinvent itself?,Indian IT companies have survived many technological upheavals. But AI is threatening their pyramid model resting on an army of workforce performing repetitive tasks. Where does the industry go from here is the big question now.,"For decades it seemed Indian IT could only grow. The Y2K bug turbocharged their initial expansion in the late 1990s, and though later waves of changing technologies brought down other companies (reme… [+10140 chars]",The Times of India,2026-07-19 02:45:13+00:00,https://economictimes.indiatimes.com/news/company/corporate-trends/indias-it-model-is-out-of-date-can-the-industry-reinvent-itself/articleshow/132489178.cms
TCS.NS,"CSR must move from compliance to creating impact, say industry leaders","Vinit Nayar, Founder-Chairman of the Sampark Foundation, argued that the social sector needs the same spirit of innovation and design thinking that transformed India’s IT industry","Corporate social responsibility (CSR) in India must evolve from being a statutory compliance exercise to becoming a transparent, outcome-driven instrument for nation-building, with the Social Stock E… [+5085 chars]",BusinessLine,2026-07-17 17:21:35+00:00,https://www.thehindubusinessline.com/news/csr-must-move-from-compliance-to-creating-impact-say-industry-leaders/article71235675.ece
TCS.NS,Air India to restore most flights from September after months of disruption,"The closure of Pakistani airspace, followed by the West Asia war, forced Air India to operate longer routes to Europe and North America, increasing fuel consumption and reducing aircraft utilization","New Delhi: Air India will begin restoring most of the domestic and international capacity it cut since April from September, as geopolitical tensions ease, jet fuel prices stabilise and more aircraft… [+4990 chars]",Livemint,2026-07-17 14:47:56+00:00,https://www.livemint.com/companies/air-india-to-restore-most-flights-from-september-after-months-of-disruption-11784295126017.html
TCS.NS,Industrial System Integrator and IIoT Technology Market to Reach USD 2.20 Trillion by 2032,"Global market projected to expand at a 23.47% CAGR as industrial enterprises accelerate smart manufacturing, OT-IT convergence, edge computing, artificial intelligence and cybersecurity investments Global market projected to expand at a 23.47% CAGR as industr…","Dublin, July 17, 2026 (GLOBE NEWSWIRE) -- The ""Industrial System Integrator &amp; Industrial Internet of Things Technology Market - Global Forecast 2026-2032"" has been added to ResearchAndMarkets.com… [+8314 chars]",GlobeNewswire,2026-07-17 08:07:00+00:00,https://www.globenewswire.com/news-release/2026/07/17/3328940/28124/en/Industrial-System-Integrator-and-IIoT-Technology-Market-to-Reach-USD-2-20-Trillion-by-2032.html
TCS.NS,Tech Mahindra revs up while Wipro slows down in a tale of two IT firms,"While Tech Mahindra remains more optimistic, Wipro’s commentary was in line with TCS's and HCLTech's. TCS CEO K. Krithivasan said the demand environment remained unchanged, while HCLTech’s C. Vijayakumar said the unchanged geopolitical environment was transla…","It was less cheerful down south in Wipros Bengaluru headquarters.
I think discretionary spend is also, you know, going slow at this point in time, and I would say the demand environment from the las… [+4213 chars]",Livemint,2026-07-16 16:07:38+00:00,https://www.livemint.com/companies/tech-mahindra-q1-results-wipro-earnings-tcs-infosys-revenue-net-profit-11784208645193.html
TCS.NS,"New incentive scheme cheers Indian phonemakers, stocks rally","Indian electronics manufacturing services see the Centre's new ₹62,500-crore incentive scheme boosting their margins. &nbsp;","Dixon Technologies (India) Ltd, Syrma SGS Technology Ltd, Kaynes Technology India Ltd and Amber Enterprises India Ltdfour of India's largest listed EMS firmsgained 6.1%, 1.5%, 3% and 2%, respectively… [+4851 chars]",Livemint,2026-07-16 14:16:58+00:00,https://www.livemint.com/industry/manufacturing/mobile-phone-manufacturing-scheme-mpms-ems-stocks-dixon-electronics-incentives-pli-11784204713180.html
TCS.NS,ITI bags BSNL's 4G network expansion order worth Rs 856 crore,"State-owned ITI Limited secured a significant Rs 856.39 crore work order from BSNL. This order is for expanding the 4G mobile network across western India. The project involves installing and commissioning the network at 7,613 new sites. This expansion follow…",New Delhi: State-owned telecom equipment maker ITI Limited has secured a phase 4 work order worth Rs 856.39 crore from Bharat Sanchar Nigam Limited (BSNL) for the expansion of its 4G mobile network a… [+1991 chars],The Times of India,2026-07-16 08:58:20+00:00,https://economictimes.indiatimes.com/industry/telecom/telecom-news/iti-bags-bsnls-4g-network-expansion-order-worth-rs-856-crore/articleshow/132434456.cms
TCS.NS,TCS opens AI-focused Gemini experience centre in Kolkata,TCS launches its third AI-focused Gemini Experience Centre in Kolkata to drive innovation in consumer businesses with Google Cloud.,Tata Consultancy Services on Thursday launched a Gemini Experience Centre (GEC) in Kolkata in collaboration with Google Cloud to showcase artificial intelligence-led innovations for consumer business… [+1447 chars],BusinessLine,2026-07-16 08:50:09+00:00,https://www.thehindubusinessline.com/info-tech/tcs-opens-ai-focused-gemini-experience-centre-in-kolkata/article71229078.ece
TCS.NS,"Q1 results today: Jio Financial, Wipro, Polycab India, BHEL among 41 companies to report earnings","The June quarter earnings season gathers pace on July 16, with 41 companies, including Jio Financial Services, Wipro, Tech Mahindra, BHEL, Polycab India and 360 One, set to announce results. Corporate earnings are expected to grow around 10%, marking the stro…","The June quarter earnings season, which began on July 9 with Tata Consultancy Services (TCS) kicking off the results cycle, is set to gather momentum this week. Corporate earnings are expected to gro… [+2918 chars]",The Times of India,2026-07-16 08:20:04+00:00,https://economictimes.indiatimes.com/markets/stocks/earnings/q1-results-today-jio-financial-wipro-polycab-india-bhel-among-41-companies-to-report-earnings/articleshow/132433544.cms
TCS.NS,TCS and Google Cloud launch Gemini Experience Center in Kolkata,"Tata Consultancy Services and Google Cloud have opened a new Gemini Experience Center in Kolkata. This facility will help consumer businesses develop and deploy agentic artificial intelligence solutions. The center is TCS's eighth globally and third in India,…","Tata Consultancy Services (TCS) and Google Cloud have launched a Gemini Experience Center in Kolkata to help consumer businesses develop and deploy agentic artificial intelligence (AI) solutions, acc… [+992 chars]",The Times of India,2026-07-16 08:03:53+00:00,https://economictimes.indiatimes.com/tech/technology/tcs-and-google-cloud-launch-gemini-experience-center-in-kolkata/articleshow/132433314.cms
TCS.NS,"Q1 Results Earnings Live Updates: Wipro, Tech Mahindra, Jio Financial among 41 firms to report June quarter earnings today",Q1 Results Today Live: Corporate earnings are set to grow around 10% this June quarter — the strongest showing in four quarters — as the reporting season gathers pace this week. Tata Consultancy Services (TCS) opened the cycle on July 9.,"Shares of HDB Financial Services jumped 4.5% to Rs 786 on the BSE on Thursday after the non-banking financial company reported a strong set of June quarter earnings, with profit rising 38% year-on-ye… [+364 chars]",Economictimes.com,2026-07-16 07:08:08+00:00,https://m.economictimes.com/markets/stocks/news/q1-results-today-live-updates-wipro-tech-mahindra-bhel-jio-finances-quarter-1-results-earnings-2026-share-price-updates/liveblog/132432215.cms
TCS.NS,LatentView Analytics Appoints Sonal Ramrakhiani as Chief Executive Officer to Accelerate Global AI-Led Growth,"Seasoned technology and growth leader to drive LatentView's next chapter; Rajan Sethuraman continues as Strategic Advisor to CEO to ensure seamless leadership transition. SAN JOSE, Calif., July 15, 2026 /PRNewswire/ -- Latent View Analytics Limited (BSE: 5435…","Seasoned technology and growth leader to drive LatentView's next chapter; Rajan Sethuraman continues as Strategic Advisor to CEO to ensure seamless leadership transition.
SAN JOSE, Calif., July 15, … [+5915 chars]",PRNewswire,2026-07-15 18:00:00+00:00,https://www.prnewswire.com/news-releases/latentview-analytics-appoints-sonal-ramrakhiani-as-chief-executive-officer-to-accelerate-global-ai-led-growth-302826611.html
TCS.NS,Africa Data Center Construction Market 2026-2031 | Nigeria Leverages Solar and Wind Energy in Data Centers to Cut Carbon Footprint,"Dublin, July 15, 2026 (GLOBE NEWSWIRE) -- The ""Africa Data Center Construction Market - Industry Outlook & Forecast 2026-2031"" has been added to ResearchAndMarkets.com's offering.","Dublin, July 15, 2026 (GLOBE NEWSWIRE) -- The ""Africa Data Center Construction Market - Industry Outlook &amp; Forecast 2026-2031"" has been added to ResearchAndMarkets.com's offering.
The Africa dat… [+5554 chars]",GlobeNewswire,2026-07-15 14:02:00+00:00,https://www.globenewswire.com/news-release/2026/07/15/3327874/28124/en/Africa-Data-Center-Construction-Market-2026-2031-Nigeria-Leverages-Solar-and-Wind-Energy-in-Data-Centers-to-Cut-Carbon-Footprint.html
TCS.NS,"Laid-Off Meta Employee Gets 60 Days to Leave After 14 Years in the US, Says It Is a 'Gut-Wrenching' Experience","Sridhar Vanka's story highlights challenges for skilled immigrants in US tech, including H-1B restrictions and layoffs at Meta. Explore broader impacts on America's immigration system and tech...","A LinkedIn social media post about a former Meta Platform employee forced to leave the US after 14 years has reignited criticism of America's employment-based immigration system, particularly the H-1… [+3595 chars]",International Business Times UK,2026-07-15 11:43:55+00:00,https://www.ibtimes.co.uk/former-meta-employee-h1b-visa-system-flaws-1808774
TCS.NS,TCS launches NVIDIA-powered Autonomous Engineering Lab in Bengaluru,TCS unveils NVIDIA-powered Autonomous Engineering Lab in Bengaluru to accelerate AI solutions for mobility and manufacturing.,"Tata Consultancy Services (TCS) launched its Autonomous Engineering Lab powered by NVIDIA at its Global Axis campus in Bengaluru.
The new facility will serve as a physical AI hub to accelerate real-… [+2468 chars]",BusinessLine,2026-07-15 09:44:17+00:00,https://www.thehindubusinessline.com/info-tech/tcs-launches-nvidia-powered-autonomous-engineering-lab-in-bengaluru/article71224864.ece
TCS.NS,"Q1 results today: HDFC Life Insurance, HDB Financial, Jana SFB, ICICI Prudential among 43 companies to report earnings","The June quarter earnings season gathers pace with 43 companies, including HDFC Life Insurance, HDB Financial Services, Jana Small Finance Bank and ICICI Prudential Life Insurance, set to report results today. Around 143 companies will announce earnings this …","The June quarter earnings season, which began with Tata Consultancy Services (TCS) on July 9, is set to gather pace this week. Corporate earnings are expected to grow around 10%, marking the stronges… [+1918 chars]",The Times of India,2026-07-15 07:29:16+00:00,https://economictimes.indiatimes.com/markets/stocks/news/q1-results-today-hdfc-life-insurance-hdb-financial-jana-sfb-icici-prudential-among-43-companies-to-report-earnings/articleshow/132409435.cms
INFY.NS,Protest planned in Kalyan amid venue row,KDMC allots Kalyan’s Phadke Ground for a cricket tournament on protest day; CJP-backed students say their Dharmendra Pradhan resignation demo will proceed.,"<ul><li>News</li>
<li>Protest planned in Kalyan amid venue row</li></ul>
Follow Us On Social Media
Shankar moves privilege motion against Kunal, TMC MLA says sorryLong weekend fuels fresh rush to … [+1462 chars]",The Times of India,2026-07-24 17:48:03+00:00,https://timesofindia.indiatimes.com/city/mumbai/protest-planned-in-kalyan-amid-venue-row/articleshow/132610191.cms
INFY.NS,NEET paper leak protest: INLD president Abhay Singh Chautala extends support to students at Delhi's Jantar Mantar,INLD national president Abhay Singh Chautala visited Jantar Mantar to support protesting students. The party's youth and legal wings organized protests across Haryana districts. They submitted memorandums demanding a judicial probe into the alleged NEET paper…,"<ul><li>News</li>
<li>NEET paper leak protest: INLD president Abhay Singh Chautala extends support to students at Delhi's Jantar Mantar</li></ul>
Follow Us On Social Media
Shankar moves privilege … [+1535 chars]",The Times of India,2026-07-24 16:33:26+00:00,https://timesofindia.indiatimes.com/city/chandigarh/neet-paper-leak-protest-inld-president-abhay-singh-chautala-extends-support-to-students-at-delhis-jantar-mantar/articleshow/132610217.cms
INFY.NS,Navi Mumbai teen crowned India No 1 and Asia No 2 in Under-14 Tennis,"Navi Mumbai’s Aarav Chhallani, trainee at Nerul Gymkhana, rises to India No. 1 and Asia No. 2 in U-14 tennis after strong ATF circuit results.","<ul><li>News</li>
<li>Navi Mumbai teen crowned India No 1 and Asia No 2 in Under-14 Tennis</li></ul>
Follow Us On Social Media
Shankar moves privilege motion against Kunal, TMC MLA says sorryLong … [+1490 chars]",The Times of India,2026-07-24 16:24:47+00:00,https://timesofindia.indiatimes.com/city/mumbai/navi-mumbai-teen-crowned-india-no-1-and-asia-no-2-in-under-14-tennis/articleshow/132610209.cms
INFY.NS,"Kalyan ground sought for student stir, KDMC gives it for match",KDMC allots Kalyan’s Phadke Ground for a cricket tournament on protest day; CJP-backed students say their Dharmendra Pradhan resignation demo will proceed.,"<ul><li>News</li>
<li>Kalyan ground sought for student stir, KDMC gives it for match</li></ul>
Follow Us On Social Media
Shankar moves privilege motion against Kunal, TMC MLA says sorryLong weeken… [+1484 chars]",The Times of India,2026-07-24 16:24:16+00:00,https://timesofindia.indiatimes.com/city/mumbai/kalyan-ground-sought-for-student-stir-kdmc-gives-it-for-match/articleshow/132610191.cms
INFY.NS,"Schools turn to nutrition charts, monitoring of food habits to balance academics and health","Chennai private schools promote healthier eating with nutrition charts, fruit/veg days and lunchbox monitoring, aligning with CBSE oil-sugar boards and BMI checks.","<ul><li>News</li>
<li>Schools turn to nutrition charts, monitoring of food habits to balance academics and health</li></ul>
Follow Us On Social Media
Shankar moves privilege motion against Kunal, … [+1513 chars]",The Times of India,2026-07-24 16:22:30+00:00,https://timesofindia.indiatimes.com/city/chennai/schools-turn-to-nutrition-charts-monitoring-of-food-habits-to-balance-academics-and-health/articleshow/132610128.cms
INFY.NS,BCCI should incentivise Emerging Men's Tournament: Wasim Jaffer,Former India opener Wasim Jaffer lauded the BCCI's inaugural Emerging Men's Tournament. He suggested incentives for players to boost red-ball cricket's appeal. The tournament aimed to identify promising young talents for future Test cricket. Several young pla…,"<ul><li>News</li>
<li>BCCI should incentivise Emerging Men's Tournament: Wasim Jaffer</li></ul>
Follow Us On Social Media
Shankar moves privilege motion against Kunal, TMC MLA says sorryLong weeke… [+1485 chars]",The Times of India,2026-07-24 16:16:27+00:00,https://timesofindia.indiatimes.com/sports/cricket/news/bcci-should-incentivise-emerging-mens-tournament-wasim-jaffer/articleshow/132610042.cms
INFY.NS,Man arrested for trespassing into house and sexually harassing woman in Thoraipakkam,Chennai: 52-year-old man arrested in Thoraipakkam for trespassing into neighbour’s home and sexually harassing a 33-year-old woman; remanded to custody.,"<ul><li>News</li>
<li>Man arrested for trespassing into house and sexually harassing woman in Thoraipakkam</li></ul>
Follow Us On Social Media
Shankar moves privilege motion against Kunal, TMC MLA… [+1506 chars]",The Times of India,2026-07-24 16:08:52+00:00,https://timesofindia.indiatimes.com/city/chennai/man-arrested-for-trespassing-into-house-and-sexually-harassing-woman-in-thoraipakkam/articleshow/132610001.cms
INFY.NS,"IT firms post robust Q1 deal wins, face slower revenue realisation","Despite robust deal wins, India’s IT firms are seeing slower revenue conversion as clients phase project execution and increasingly opt for outcome-based pricing","Indias top IT services companies continued to post healthy deal bookings in the June quarter, signalling resilient client demand despite macroeconomic uncertainty. However, analysts cautioned that co… [+4108 chars]",BusinessLine,2026-07-24 16:02:49+00:00,https://www.thehindubusinessline.com/info-tech/it-firms-post-robust-q1-deal-wins-face-slower-revenue-realisation/article71263167.ece
INFY.NS,"Q1 Results Today Highlights: Tata Consumer con. PAT up 28.4%, ACC PAT declines 61.5%, Shriram Finance, Hindustan Zinc, SBI Life, SBI Cards, Laurus Labs Q1 profit rise","Q1 Results Today, 24th July 2026 Highlights: Get real-time Q1 FY27 earnings updates, profit growth, revenue numbers and management outlook of NTPC, Shriram Finance, Hindustan Zinc, SBI Life Insurance Company, CG Power and Industrial Solutions, Bank of Baroda,…","<li></li>
July 24, 2026 21:10This live blog is closed
To read the latest news, visit businessline
<li></li>
July 24, 2026 21:06TCPL Q1 profit rises 28.77% to 427.2 cr on strong domestic volume gr… [+33119 chars]",BusinessLine,2026-07-24 15:41:03+00:00,https://www.thehindubusinessline.com/markets/fy27-q1-results-today-highlights-shriram-finance-hindustan-zinc-dalmia-bharat-tata-consumer-jindal-steel-lodha-laurus-labs-sbi-life-cg-power-ntpc-infosys-indigo-cipla-results-24-july-2026/article71257341.ece
INFY.NS,"Quote of the day by John Rogers: ""All of us, all of the time, have to be on guard against groupthink""",Veteran investor John Rogers emphasizes the constant need to guard against groupthink.  This phenomenon occurs when individuals conform to group views instead of independent evaluation.   Encouraging diverse perspectives and challenging assumptions improves d…,"(What's moving Sensex and Nifty Track latest market news, stock tips, Budget 2025, Share Market on Budget 2025 and expert advice, on ETMarkets. Also, ETMarkets.com is now on Telegram. For fastest new… [+330 chars]",The Times of India,2026-07-24 12:33:43+00:00,https://economictimes.indiatimes.com/markets/us-stocks/wall-street-guide/quote-of-the-day-by-john-rogers-all-of-us-all-of-the-time-have-to-be-on-guard-against-groupthink/articleshow/132601999.cms
INFY.NS,Indonesia raises $1.03 billion in debut panda bond sale,"Indonesia made a spectacular debut in the international debt market by successfully raising $1.03 billion with its first panda bonds. The nation issued 7 billion yuan worth of these bonds, attracting overwhelming interest from investors. The three-year notes …","(What's moving Sensex and Nifty Track latest market news, stock tips, Budget 2025, Share Market on Budget 2025 and expert advice, on ETMarkets. Also, ETMarkets.com is now on Telegram. For fastest new… [+330 chars]",The Times of India,2026-07-24 12:28:46+00:00,https://economictimes.indiatimes.com/markets/bonds/indonesia-raises-1-03-billion-in-debut-panda-bond-sale/articleshow/132605293.cms
INFY.NS,フォーミュラE、史上初となる東京ナイトレース　ダブルヘッダーがついに開幕,"[FORMULA E OPERATIONS LIMITED]
[画像1: https://prcdn.freetls.fastly.net/release_image/152544/73/152544-73-d950de8363da839c5b68182c18cba1b9-1000x667.jpg?width=536&quality=85%2C75&format=jpeg&auto=webp&fit=bounds&a...","<ul><li>ABB FIAE2025/26141572526
</li><li>3EGEN3 Evo
</li><li>2026 TDK Tokyo E-PrixHVOCO90
</li><li>815161617
</li></ul>ABB FIAE2025/26232026 TDK Tokyo E-Prix
GEN3 Evo2.58km18
E20
EZEV32050CO… [+1158 chars]",Prtimes.jp,2026-07-24 12:03:09+00:00,https://prtimes.jp/main/html/rd/p/000000073.000152544.html
INFY.NS,"Sensex today | Stock Market Highlights: Sensex, Nifty decline for fifth straight session; Auto, metal stocks drag","Sensex, Nifty, Share Prices Highlights: Indian benchmark indices ended lower for a fifth straight session, with the Sensex falling 331 points and the Nifty losing 102 points, as concerns over US tariffs and West Asia tensions outweighed gains in IT stocks and…","<li></li>
July 24, 2026 16:14Sun Pharma gets Organon shareholders nod for its $11.75-bn acquisition proposal
Sun Pharma gets Organon shareholders nod for its $11.75-bn acquisition proposal
Organon… [+76992 chars]",BusinessLine,2026-07-24 10:52:16+00:00,https://www.thehindubusinessline.com/markets/sensex-nifty50-today-stock-market-highlights-24th-july-2026/article71257579.ece
INFY.NS,"Stock Markets End Lower As Sensex Falls Nearly 300 Points, Nifty Tests 23,800","Shares of InterGlobe Aviation, the parent company of IndiGo, fell over 2 per cent after the airline reported a net loss of Rs 238 crore for the quarter ended June.","The Indian benchmark indices declined on Friday as the Sensex declined 275 points to close at 76,115 and the Nifty fell 82 points to close trade at 23,767 at 3:30 PM.
In the 30-share BSE Sensex, amo… [+3031 chars]",Abplive.com,2026-07-24 10:26:03+00:00,https://news.abplive.com/business/stocks-closing-bell-stock-market-oil-prices-atf-global-markets-us-iran-war-nifty-sensex-1858399
INFY.NS,"Quote of the day by John Neff: ""When you get to these frenzied markets, it drives managements or portions of managements to hanky-panky""",John Neff warned that market euphoria often encourages poor corporate decision-making.  Excessive optimism can pressure executives into questionable financial practices and acquisitions.  This  hanky-panky  can erode investor confidence and destroy shareholde…,"(What's moving Sensex and Nifty Track latest market news, stock tips, Budget 2025, Share Market on Budget 2025 and expert advice, on ETMarkets. Also, ETMarkets.com is now on Telegram. For fastest new… [+330 chars]",The Times of India,2026-07-24 09:55:05+00:00,https://economictimes.indiatimes.com/markets/us-stocks/wall-street-guide/quote-of-the-day-by-john-neff-when-you-get-to-these-frenzied-markets-it-drives-managements-or-portions-of-managements-to-hanky-panky/articleshow/132601938.cms
INFY.NS,"Global Market: European shares steady, set for weekly loss as oil surge, earnings keep investors cautious","European shares remained flat as investors assessed rising oil prices.  Escalating Middle East tensions and corporate earnings influenced market sentiment.  Germany's DAX gained, boosted by strong results from software firm SAP.  Energy stocks declined after …","(What's moving Sensex and Nifty Track latest market news, stock tips, Budget 2025, Share Market on Budget 2025 and expert advice, on ETMarkets. Also, ETMarkets.com is now on Telegram. For fastest new… [+330 chars]",The Times of India,2026-07-24 09:52:29+00:00,https://economictimes.indiatimes.com/markets/us-stocks/news/global-market-european-shares-steady-set-for-weekly-loss-as-oil-surge-earnings-keep-investors-cautious/articleshow/132601866.cms
INFY.NS,Nifty pares losses from day’s low but stays in red at mid-session,"Breadth on the BSE remained decisively negative, with 2,163 stocks declining against 1,752 advances out of 4,138 stocks traded.","Markets remained under pressure at midday on Friday, though indices trimmed early losses as banking stocks staged a partial recovery. The Sensex was trading at 76,001.48, down 389.91 points or 0.51 p… [+3450 chars]",BusinessLine,2026-07-24 07:47:52+00:00,https://www.thehindubusinessline.com/markets/stock-markets/nifty-pares-losses-from-days-low-but-stays-in-red-at-mid-session/article71261394.ece
INFY.NS,"HCLTech to set up Rs 14,257 crore AI data centre in Odisha with Sarvam","HCLTech will establish its first AI Data Center in Odisha. This significant project involves a capital outlay of Rs 14,257 crores. The initiative aims to boost India's sovereign AI capabilities and local developer ecosystem. It will leverage HCLTech's AI expe…","HCLTech, countrys third largest IT services company, on Friday announced its plans to set up its first AI Data Center in the upcoming Odisha Sovereign AI Park in partnership with Sarvam and the Gover… [+3232 chars]",The Times of India,2026-07-24 06:47:25+00:00,https://economictimes.indiatimes.com/tech/information-tech/hcltech-to-set-up-rs-14257-crore-ai-data-centre-in-odisha-with-sarvam/articleshow/132598367.cms
INFY.NS,SBI to issue first rupee-denominated perpetual debt of 2026: Report,"State Bank of ​India is set to become the first ​bank to tap the market for perpetual bonds in 2026, with plans to raise 50 billion rupees ($517.76 million) within the ‌next two ⁠weeks, ⁠three bankers familiar with the matter said on Friday.","(What's moving Sensex and Nifty Track latest market news, stock tips, Budget 2025, Share Market on Budget 2025 and expert advice, on ETMarkets. Also, ETMarkets.com is now on Telegram. For fastest new… [+330 chars]",The Times of India,2026-07-24 05:52:04+00:00,https://economictimes.indiatimes.com/markets/bonds/sbi-to-issue-first-rupee-denominated-perpetual-debt-of-2026-report/articleshow/132597471.cms
INFY.NS,"Why Infosys picked Dash: AI bets, continuity and the search for stability",Infosys’ decision to name company veteran Ashiss Dash as its next CEO is a bet on continuity and AI leadership to navigate an uncertain future for IT services.,"Early on in his career, he began focusing on quality program execution and growing relationships that were believed to have peaked. The company noticed his hunger and his drive and he was invited to … [+5674 chars]",Livemint,2026-07-24 05:51:02+00:00,https://www.livemint.com/companies/why-infosys-picked-ashiss-dash-ai-bets-continuity-search-for-stability-11784865145992.html
INFY.NS,Global Market: Japanese investors dump overseas bonds as rising crude revives inflation fears,Japanese investors sold foreign bonds at the fastest pace in nearly three months during the week ended July 18 as surging oil prices revived inflation concerns and reinforced expectations of higher global interest rates for longer. They also turned net seller…,"(What's moving Sensex and Nifty Track latest market news, stock tips, Budget 2025, Share Market on Budget 2025 and expert advice, on ETMarkets. Also, ETMarkets.com is now on Telegram. For fastest new… [+330 chars]",The Times of India,2026-07-24 05:43:22+00:00,https://economictimes.indiatimes.com/markets/us-stocks/news/global-market-japanese-investors-dump-overseas-bonds-as-rising-crude-revives-inflation-fears/articleshow/132597360.cms
INFY.NS,"Oil shock, Treasury yield spike put Indian bonds under pressure before debt sale",Indian government bonds experienced a decline as oil prices surpassed one hundred dollars per barrel.  The benchmark bond yield reached its highest level in five weeks during early trading.  Rising oil prices and Treasury yields pressured overnight swap rates…,"(What's moving Sensex and Nifty Track latest market news, stock tips, Budget 2025, Share Market on Budget 2025 and expert advice, on ETMarkets. Also, ETMarkets.com is now on Telegram. For fastest new… [+330 chars]",The Times of India,2026-07-24 05:04:24+00:00,https://economictimes.indiatimes.com/markets/bonds/oil-shock-treasury-yield-spike-put-indian-bonds-under-pressure-before-debt-sale/articleshow/132596731.cms
INFY.NS,"Nifty Prediction Today – July 24, 2026: Nifty futures: Support invalidated, turns bearish","Nifty futures (Jul) is likely to touch 23,400 today; traders can go short","Nifty 50 began todays session with a gap-down at 23,666 versus yesterdays close of 23,870. The index is now hovering around 23,650, down nearly 1 per cent.
The advance/decline ratio stands at 8/42, … [+1541 chars]",BusinessLine,2026-07-24 05:00:23+00:00,https://www.thehindubusinessline.com/portfolio/technical-analysis/nifty-prediction-today-july-24-2026-nifty-futures-support-invalidated-turns-bearish/article71260945.ece
INFY.NS,Infosys shares fall over 2% after Q1 results; brokerages trim target prices,"The stock traded at ₹1,032.70 at 9.37 am on the NSE, hitting a low of ₹1,023 from the previous close of ₹1,047.40",Infosys shares declined over 2 per cent on Friday following the companys Q1 results. The tech major moderated its FY27 constant currency revenue growth guidance to 1.53 per cent and lowered the upper… [+2699 chars],BusinessLine,2026-07-24 04:32:50+00:00,https://www.thehindubusinessline.com/markets/infosys-shares-fall-over-2-after-q1-results-brokerages-trim-target-prices/article71260876.ece
INFY.NS,"Nifty slips below key support as crude tops $100, tech selloff rattles global markets","Markets opened lower on Friday, with the Nifty 50 falling 134.45 points, or 0.56 per cent, to 23,735.15 in early trade, extending its losing streak to a fifth consecutive session.","Markets opened lower on Friday, with the Nifty 50 falling 134.45 points, or 0.56 per cent, to 23,735.15 in early trade, extending its losing streak to a fifth consecutive session. The Sensex opened a… [+4027 chars]",BusinessLine,2026-07-24 04:05:29+00:00,https://www.thehindubusinessline.com/markets/stock-markets/nifty-slips-below-key-support-as-crude-tops-100-tech-selloff-rattles-global-markets/article71260841.ece
INFY.NS,"Infosys shares fall 3% as JPMorgan downgrades stock, Jefferies cuts target after Q1 results","Infosys shares fell after global brokerages turned cautious following the company's Q1 FY27 results and a cut to the upper end of its revenue growth guidance. JPMorgan downgraded the stock, while Jefferies lowered its target price, citing weaker demand visibi…","Shares of information technology major Infosys declined 2.6% to their days low of Rs 1,027 on the BSE on Friday after global brokerages issued bearish calls on the stock after the company trimmed the… [+5037 chars]",The Times of India,2026-07-24 03:58:13+00:00,https://economictimes.indiatimes.com/markets/stocks/news/infosys-shares-fall-3-as-jpmorgan-downgrades-stock-jefferies-cuts-target-after-q1-results/articleshow/132595782.cms
INFY.NS,"Q1 Results Today Live: Shriram Finance, TCP, BoB, Hindustan Zinc, Dalmia Bharat, Jindal Steel, Lodha, SBI Life, CG Power, NTPC, SAIL, Welspun Corp to announce Q1 results, Infosys, IndiGo, Cipla shares in focus","Q1 Results Today, 24th July 2026 Live Updates: Get real-time Q1 FY27 earnings updates, profit growth, revenue numbers and management outlook of NTPC, Shriram Finance, Hindustan Zinc, SBI Life Insurance Company, CG Power and Industrial Solutions, Bank of Barod…","Businessman and customer home buyer had achieve target means together and signed in the contract of sale of real estate
 | Photo Credit: 
 Jakraphong Pongpotganatam
Q1 Results Today, July 24, 2026… [+1419 chars]",BusinessLine,2026-07-24 03:06:11+00:00,https://www.thehindubusinessline.com/markets/fy27-q1-results-today-live-updates-shriram-finance-hindustan-zinc-dalmia-bharat-tata-consumer-jindal-steel-lodha-laurus-labs-sbi-life-cg-power-ntpc-infosys-indigo-cipla-results-24-july-2026/article71257341.ece
INFY.NS,Sebi proposes shifting ODR oversight to MIIs for quicker grievance redressal,Sebi proposes shifting online dispute resolution administration to market infrastructure institutions. This move aims to significantly speed up investor grievance redressal processes. Market infrastructure institutions will now handle conciliator and arbitrat…,"(What's moving Sensex and Nifty Track latest market news, stock tips, Budget 2025, Share Market on Budget 2025 and expert advice, on ETMarkets. Also, ETMarkets.com is now on Telegram. For fastest new… [+330 chars]",The Times of India,2026-07-24 02:00:26+00:00,https://economictimes.indiatimes.com/markets/stocks/news/sebi-proposes-shifting-odr-oversight-to-miis-for-quicker-grievance-redressal/articleshow/132594637.cms
INFY.NS,"Banking liquidity hits lowest since June 29; RBI data reveals Rs 2,884 crore deficit","Mumbai banking system liquidity has fallen to its lowest point since late June.  This deficit is attributed to increased credit growth and central bank foreign exchange market actions.  System liquidity experienced a deficit of ₹2,884 crore on Wednesday.  The…","(What's moving Sensex and Nifty Track latest market news, stock tips, Budget 2025, Share Market on Budget 2025 and expert advice, on ETMarkets. Also, ETMarkets.com is now on Telegram. For fastest new… [+330 chars]",The Times of India,2026-07-24 01:48:03+00:00,https://economictimes.indiatimes.com/markets/stocks/news/banking-liquidity-hits-lowest-since-june-29-rbi-data-reveals-rs-2884-crore-deficit/articleshow/132594520.cms
INFY.NS,Flipkart chief rules out IPO timeline; Infosys names new CEO,"Happy Friday! Flipkart group CEO Kalyan Krishnamurthy talked to us about IPO plans, quick commerce, and festive demand. That and more in today’s ETtech Morning Dispatch.","Happy Friday! Flipkart group CEO Kalyan Krishnamurthy talked to us about IPO plans, quick commerce, and festive demand. That and more in todays ETtech Morning Dispatch.Also in the letter:Byjus-BCCI s… [+7774 chars]",The Times of India,2026-07-24 01:44:09+00:00,https://economictimes.indiatimes.com/tech/newsletters/morning-dispatch/flipkart-chief-rules-out-ipo-timeline-infosys-names-new-ceo/articleshow/132594401.cms
INFY.NS,"Infosys Q1 revenue up 2.8%, guidance cut",India Business News: BENGALURU: Infosys shares fell nearly 5% in early trading on the New York Stock Exchange on Thursday after the company reported weaker-than-expected J.,"<ul><li>News</li>
<li>Infosys Q1 revenue up 2.8%, guidance cut</li></ul>
Follow Us On Social Media
Italy confess Carlo Ancelotti was their dream appointment before Pep Guardiola in manager huntLow… [+1757 chars]",The Times of India,2026-07-24 01:40:41+00:00,https://timesofindia.indiatimes.com/business/india-business/infosys-q1-revenue-up-2-8-guidance-cut/articleshow/132594467.cms
INFY.NS,"Milky Mist IPO set for August launch, aiming to be India's largest dairy offering",Milky Mist Dairy Food plans its initial public offering for early August.  This upcoming IPO is anticipated to be the largest by an Indian dairy company.  The company secured ₹482 crore in pre-IPO funding from Jongsong Investments.  This investment valued Mil…,"(What's moving Sensex and Nifty Track latest market news, stock tips, Budget 2025, Share Market on Budget 2025 and expert advice, on ETMarkets. Also, ETMarkets.com is now on Telegram. For fastest new… [+330 chars]",The Times of India,2026-07-24 01:38:03+00:00,https://economictimes.indiatimes.com/markets/ipos/fpos/milky-mist-ipo-set-for-august-launch-aiming-to-be-indias-largest-dairy-offering/articleshow/132594441.cms
INFY.NS,"Watch out for these 9 stocks, including Infy, Shadowfax, Akums, Swiggy and Eternal on Friday","From significant block deals and strategic acquisitions to key leadership changes and regulatory updates, Friday’s trading landscape features pivotal developments for stocks like Shadowfax, Infosys, and Swiggy","Shadowfax Technologies is set to witness a block deal worth up to 1,047.5 crore (about $108 million) on Friday, with existing investors Eight Roads Investments Mauritius II, Flipkart Internet and IMM… [+4611 chars]",BusinessLine,2026-07-24 01:35:13+00:00,https://www.thehindubusinessline.com/markets/watch-out-for-these-9-stocks-including-infy-shadowfax-akums-swiggy-and-eternal-on-friday/article71260710.ece
INFY.NS,"India equity markets see strong June trading: NSE cash turnover hits 23-month high, foreign investors boost derivatives","Indian equity markets experienced robust trading in June, reaching a 23-month high in cash market turnover. Proprietary traders' share of cash market turnover decreased, indicating broader investor participation. Foreign investors significantly increased thei…","(What's moving Sensex and Nifty Track latest market news, stock tips, Budget 2025, Share Market on Budget 2025 and expert advice, on ETMarkets. Also, ETMarkets.com is now on Telegram. For fastest new… [+330 chars]",The Times of India,2026-07-24 01:30:09+00:00,https://economictimes.indiatimes.com/markets/stocks/news/india-equity-markets-see-strong-june-trading-nse-cash-turnover-hits-23-month-high-foreign-investors-boost-derivatives/articleshow/132594378.cms
INFY.NS,"Financials dominate Nifty50 in June, IT sector weight hits 23-year low","Financials increased their Nifty 50 weight to a four-month high in June. This rise followed sector outperformance and renewed foreign investor inflows. Information Technology continued its decline, losing significant weight in the index. The IT sector's weigh…","(What's moving Sensex and Nifty Track latest market news, stock tips, Budget 2025, Share Market on Budget 2025 and expert advice, on ETMarkets. Also, ETMarkets.com is now on Telegram. For fastest new… [+330 chars]",The Times of India,2026-07-24 01:21:34+00:00,https://economictimes.indiatimes.com/markets/stocks/news/financials-dominate-nifty-50-in-june-it-sector-weight-hits-23-year-low/articleshow/132594332.cms
INFY.NS,"Mid, small, and micro-cap stocks gain market share as blue chips decline over six years","Large-cap stocks have seen their market share decline over six years. Mid, small, and micro-cap stocks have gained significant ground during this period. The Nifty's share of total market capitalization fell to a multi-year low. Meanwhile, the Nifty Smallcap …","(What's moving Sensex and Nifty Track latest market news, stock tips, Budget 2025, Share Market on Budget 2025 and expert advice, on ETMarkets. Also, ETMarkets.com is now on Telegram. For fastest new… [+330 chars]",The Times of India,2026-07-24 01:11:21+00:00,https://economictimes.indiatimes.com/markets/stocks/news/mid-small-and-micro-cap-stocks-gain-market-share-as-blue-chips-decline-over-six-years/articleshow/132594268.cms
INFY.NS,Pre-market action: Here's the trade setup for today's session,"Domestic equities extended losses for a fourth consecutive session, with the Nifty declining. Investor sentiment remained fragile amid a sharp surge in Brent crude oil prices. Foreign portfolio investors net sold shares worth Rs 2,999 crore on Wednesday. The …","(What's moving Sensex and Nifty Track latest market news, stock tips, Budget 2025, Share Market on Budget 2025 and expert advice, on ETMarkets. Also, ETMarkets.com is now on Telegram. For fastest new… [+330 chars]",The Times of India,2026-07-24 01:10:43+00:00,https://economictimes.indiatimes.com/markets/stocks/news/pre-market-action-heres-the-trade-setup-for-todays-session/articleshow/132594305.cms
INFY.NS,"Stocks in news: Infosys, Cipla, Meesho, Suzlon Energy, IndiGo, NTPC",Markets extended their losing streak for a fourth consecutive session. Infosys reported a 12% year-on-year profit growth in its first quarter. Cipla's net profit fell 39% due to weakness in its North America business. IndiGo reported a loss of Rs 238 crore in…,"Markets remained under pressure on Thursday, extending their losing streak for the fourth consecutive session amid persistent geopolitical concerns. Technically, analysts say the Nifty has once again… [+2590 chars]",The Times of India,2026-07-24 01:05:02+00:00,https://economictimes.indiatimes.com/markets/stocks/news/stocks-in-news-infosys-cipla-meesho-suzlon-energy-indigo-ntpc/articleshow/132594284.cms
INFY.NS,Sebi introduces fast-track process for securities transmission,"Sebi has revised the securities transmission framework for investors.  A fast-track mechanism is introduced for small-value claims.  Documentation requirements are simplified, and probate of a will is removed.  Claims up to ₹10 lakh in physical and ₹30 lakh i…","(What's moving Sensex and Nifty Track latest market news, stock tips, Budget 2025, Share Market on Budget 2025 and expert advice, on ETMarkets. Also, ETMarkets.com is now on Telegram. For fastest new… [+330 chars]",The Times of India,2026-07-24 00:49:02+00:00,https://economictimes.indiatimes.com/markets/stocks/news/sebi-introduces-fast-track-process-for-securities-transmission/articleshow/132594235.cms
INFY.NS,Can Lohia Corp IPO deliver long-term growth for high risk investors?,"Lohia Corp plans an offer for sale to raise funds.  The company's revenue grew significantly while its net profit surged.  Its order book expanded substantially after strong financial performance.  The business is cyclical, depending on agriculture and constr…","(What's moving Sensex and Nifty Track latest market news, stock tips, Budget 2025, Share Market on Budget 2025 and expert advice, on ETMarkets. Also, ETMarkets.com is now on Telegram. For fastest new… [+330 chars]",The Times of India,2026-07-24 00:35:16+00:00,https://economictimes.indiatimes.com/markets/ipos/fpos/can-lohia-corp-ipo-deliver-long-term-growth-for-high-risk-investors/articleshow/132594185.cms
INFY.NS,Temasek-backed Manipal Health to line up $1-billion IPO,Manipal Health Enterprises plans a billion-dollar initial public offering this month.  The company will announce its price band on July twenty-fourth.  The offering includes a fresh issue of shares and an offer for sale.  Proceeds will primarily be used to re…,"(What's moving Sensex and Nifty Track latest market news, stock tips, Budget 2025, Share Market on Budget 2025 and expert advice, on ETMarkets. Also, ETMarkets.com is now on Telegram. For fastest new… [+330 chars]",The Times of India,2026-07-24 00:20:07+00:00,https://economictimes.indiatimes.com/markets/ipos/fpos/temasek-backed-manipal-health-to-line-up-1-billion-ipo/articleshow/132594155.cms
INFY.NS,India's IT giants grapple with weak growth despite resilient deal momentum,"Infosys reported results below expectations, impacting its stock performance negatively.  Other major IT companies also showed weak revenue growth in dollar terms.  AI-driven sales are gaining traction, though still on a small base.  Profitability varied acro…",ET Intelligence Group: The performance of Infosys in the June quarter was marginally below expectations on both revenue and profit fronts in terms of dollar as well as rupee terms. The company also l… [+2258 chars],The Times of India,2026-07-24 00:04:59+00:00,https://economictimes.indiatimes.com/markets/stocks/earnings/indias-it-giants-grapple-with-weak-growth-despite-resilient-deal-momentum/articleshow/132594084.cms
INFY.NS,Pelican Acquisition II prices 7.5M unit IPO at $10 per unit,"See the rest of the story here.

thefly.com provides the latest financial news as it breaks. Known as a leader in market intelligence, The Fly's real-time, streaming news feed keeps individual investors, professional money managers, active traders, and corpor…","Sign up for freeSign inStart 7 day free trial
© 2026 The Fly Inc.
The Fly Cast
Play
©
The Fly | PLCI
Faraday Future Intelligent Electric Inc trading halted, news pending
Trinity Biotech tradin… [+1808 chars]",Thefly.com,2026-07-23 23:43:47+00:00,https://www.thefly.com/PLCI
INFY.NS,WWE Fears AEW Doing US-Based Counter Events During WrestleMania 43?,WWE is not waiting to see what AEW does during WrestleMania 43 weekend. WrestleVotes on Fightful Select reports that some […],WWE is not waiting to see what AEW does during WrestleMania 43 weekend. WrestleVotes on Fightful Select reports that some WWE officials expect Tony Khan's promotion to have a significant stateside pr… [+1651 chars],Sportsnaut,2026-07-23 19:18:21+00:00,https://sportsnaut.com/wwe/wwe-fears-aew-counter-events-during-wrestlemania-43
INFY.NS,"Infosys trims FY27 guidance, Q1 y-o-y revenue up 2.8% to $5 billion",Infosys trims FY27 revenue growth guidance to 1.5%-3% after Q1 revenue rises 2.8% YoY to $5B; shares fall as macro uncertainty persists.,"Follow Us On Social Media
Copyright © 2026 Bennett, Coleman &amp; Co. Ltd. All rights reserved. For reprint rights: Times Syndication Service",The Times of India,2026-07-23 18:41:49+00:00,https://timesofindia.indiatimes.com/city/bengaluru/infosys-trims-fy27-guidance-q1-y-o-y-revenue-up-2-8-to-5-billion/articleshow/132590542.cms
INFY.NS,"For Taylor Swift, Madison Square Garden’s Controversial Cameras Briefly Went Dark",MSG’s sprawling surveillance system can monitor guests down to the second. Its owners made an exception for the pop star’s rehearsal dinner.,"Madison Square Garden owner James Dolan has insisted that the face-recognition system and array of surveillance cameras deployed at his venues is very, very useful for securitya big reason why MSG is… [+3988 chars]",Wired,2026-07-23 18:18:46+00:00,https://www.wired.com/story/for-taylor-swift-madison-square-gardens-controversial-cameras-briefly-went-dark/
INFY.NS,"Wow, Who Could Sean Duffy Possibly Want To Rename Penn Station For?",The U.S. Transportation secretary wants money for Penn Station — and he wants the facility renamed.,"What’s in a name? To Transportation Secretary Sean Duffy, a lot.
The U.S. Department of Transportation secretary and notedTrumpsycophant is calling on Congress to rename Penn Station as part of the … [+3247 chars]",Streetsblog.org,2026-07-23 18:01:55+00:00,https://nyc.streetsblog.org/2026/07/23/wow-who-could-sean-duffy-possibly-want-to-rename-penn-station-for
INFY.NS,Infosys headcount falls by 532 employees in June quarter,"The Bengaluru-headquartered company said it hired over 4,000 college graduates in the just-concluded quarter. Overall, it plans to recruit 20,000 college graduates this fiscal, similar to the previous year.","Indian IT services company Infosys saw its employee count drop sequentially by 532 in the first quarter, with the total workforce tally at 3,28,062.The Bengaluru-headquartered company said it hired o… [+2119 chars]",The Times of India,2026-07-23 17:36:29+00:00,https://economictimes.indiatimes.com/tech/information-tech/infosys-headcount-falls-by-532-employees-in-june-quarter/articleshow/132588803.cms
INFY.NS,"Infosys clocks weakest Q1 in six years, picks Dash for CEO","Bengaluru-based Infosys marked a slow start to the fiscal year, even though it met analysts' expectations and outperformed three of its four large rivals. The company clocked $5.08 billion in revenue in the June quarter, up 0.83% sequentially and 2.8% on a ye…","Infosys has bet on a tried-and-tested veteran to steer the company through turbulent times, even as it reported its weakest June quarter in six years. India's second-largest IT services firm on Thurs… [+6103 chars]",Livemint,2026-07-23 16:59:55+00:00,https://www.livemint.com/companies/infosys-announces-ashiss-kumar-dash-as-ceodesignate-11784813368396.html
INFY.NS,Suryoday SFB Q1 profit more than doubles on strong loan growth,"Suryoday Small Finance Bank reported a more than twofold rise in first-quarter net profit to Rs 75 crore, driven by healthy business growth. Net interest income, operating profit and advances increased strongly, while gross NPAs improved significantly from a …","(What's moving Sensex and Nifty Track latest market news, stock tips, Budget 2025, Share Market on Budget 2025 and expert advice, on ETMarkets. Also, ETMarkets.com is now on Telegram. For fastest new… [+330 chars]",The Times of India,2026-07-23 16:12:44+00:00,https://economictimes.indiatimes.com/markets/stocks/earnings/suryoday-sfb-q1-profit-more-than-doubles-on-strong-loan-growth/articleshow/132586902.cms
HDFCBANK.NS,"The Latest Home Loan Interest Rates: Jul 24, 2026","The Latest Home Loan Interest Rates: Jul 24, 2026","What are the various fixed and floating interest rates on offer for home loans today? Let's take a comprehensive look at interest rates across banks and housing finance companies.
<table><tr><td>Ins… [+4936 chars]",BusinessLine,2026-07-24 13:30:12+00:00,https://www.thehindubusinessline.com/money-and-banking/the-latest-home-loan-interest-rates-jul-24-2026/article64808517.ece
HDFCBANK.NS,"Quote of the day by John Rogers: ""All of us, all of the time, have to be on guard against groupthink""",Veteran investor John Rogers emphasizes the constant need to guard against groupthink.  This phenomenon occurs when individuals conform to group views instead of independent evaluation.   Encouraging diverse perspectives and challenging assumptions improves d…,"(What's moving Sensex and Nifty Track latest market news, stock tips, Budget 2025, Share Market on Budget 2025 and expert advice, on ETMarkets. Also, ETMarkets.com is now on Telegram. For fastest new… [+330 chars]",The Times of India,2026-07-24 12:33:43+00:00,https://economictimes.indiatimes.com/markets/us-stocks/wall-street-guide/quote-of-the-day-by-john-rogers-all-of-us-all-of-the-time-have-to-be-on-guard-against-groupthink/articleshow/132601999.cms
HDFCBANK.NS,Indonesia raises $1.03 billion in debut panda bond sale,"Indonesia made a spectacular debut in the international debt market by successfully raising $1.03 billion with its first panda bonds. The nation issued 7 billion yuan worth of these bonds, attracting overwhelming interest from investors. The three-year notes …","(What's moving Sensex and Nifty Track latest market news, stock tips, Budget 2025, Share Market on Budget 2025 and expert advice, on ETMarkets. Also, ETMarkets.com is now on Telegram. For fastest new… [+330 chars]",The Times of India,2026-07-24 12:28:46+00:00,https://economictimes.indiatimes.com/markets/bonds/indonesia-raises-1-03-billion-in-debut-panda-bond-sale/articleshow/132605293.cms
HDFCBANK.NS,ICICI Bank prices $1 billion debt in largest dollar issue by Indian private lender,"ICICI Bank successfully issued a five-year dollar bond worth $1 billion, achieving a notably tighter spread. This offering stands as the largest for an Indian bank in almost fourteen years. With a coupon set at 100 basis points above U.S. Treasuries, it surpa…","India's ICICI Bank has priced a $1 billion five-year dollar bond at a much tighter spread than initially indicated, in the largest such issue by an Indian lender in nearly 14 years, three bankers sai… [+2158 chars]",The Times of India,2026-07-24 10:59:26+00:00,https://economictimes.indiatimes.com/markets/bonds/icici-bank-prices-1-billion-debt-in-largest-dollar-issue-by-indian-private-lender/articleshow/132603402.cms
HDFCBANK.NS,"Sensex today | Stock Market Highlights: Sensex, Nifty decline for fifth straight session; Auto, metal stocks drag","Sensex, Nifty, Share Prices Highlights: Indian benchmark indices ended lower for a fifth straight session, with the Sensex falling 331 points and the Nifty losing 102 points, as concerns over US tariffs and West Asia tensions outweighed gains in IT stocks and…","<li></li>
July 24, 2026 16:14Sun Pharma gets Organon shareholders nod for its $11.75-bn acquisition proposal
Sun Pharma gets Organon shareholders nod for its $11.75-bn acquisition proposal
Organon… [+76992 chars]",BusinessLine,2026-07-24 10:52:16+00:00,https://www.thehindubusinessline.com/markets/sensex-nifty50-today-stock-market-highlights-24th-july-2026/article71257579.ece
HDFCBANK.NS,"Quote of the day by John Neff: ""When you get to these frenzied markets, it drives managements or portions of managements to hanky-panky""",John Neff warned that market euphoria often encourages poor corporate decision-making.  Excessive optimism can pressure executives into questionable financial practices and acquisitions.  This  hanky-panky  can erode investor confidence and destroy shareholde…,"(What's moving Sensex and Nifty Track latest market news, stock tips, Budget 2025, Share Market on Budget 2025 and expert advice, on ETMarkets. Also, ETMarkets.com is now on Telegram. For fastest new… [+330 chars]",The Times of India,2026-07-24 09:55:05+00:00,https://economictimes.indiatimes.com/markets/us-stocks/wall-street-guide/quote-of-the-day-by-john-neff-when-you-get-to-these-frenzied-markets-it-drives-managements-or-portions-of-managements-to-hanky-panky/articleshow/132601938.cms
HDFCBANK.NS,"Global Market: European shares steady, set for weekly loss as oil surge, earnings keep investors cautious","European shares remained flat as investors assessed rising oil prices.  Escalating Middle East tensions and corporate earnings influenced market sentiment.  Germany's DAX gained, boosted by strong results from software firm SAP.  Energy stocks declined after …","(What's moving Sensex and Nifty Track latest market news, stock tips, Budget 2025, Share Market on Budget 2025 and expert advice, on ETMarkets. Also, ETMarkets.com is now on Telegram. For fastest new… [+330 chars]",The Times of India,2026-07-24 09:52:29+00:00,https://economictimes.indiatimes.com/markets/us-stocks/news/global-market-european-shares-steady-set-for-weekly-loss-as-oil-surge-earnings-keep-investors-cautious/articleshow/132601866.cms
HDFCBANK.NS,"iQOO launches Z11 Lite in India starting under Rs 20,000, but higher variants need a bank discount to stay there","iQOO’s Z11 Lite brings a 120Hz display, a Dimensity 6300 chipset, and a 6,500mAh battery to India, with prices starting at Rs 19,499. Bank discounts push the base and mid-tier models below Rs 20,000, while the top 256GB variant remains above the threshold.","iQOO has launched the Z11 Lite in India, closing out weeks of teasers that promised a sub-Rs 20,000 (approximately $230) starting price. The official pricing shows that the base variant meets that cl… [+2113 chars]",Notebookcheck.net,2026-07-24 08:50:00+00:00,https://www.notebookcheck.net/iQOO-launches-Z11-Lite-in-India-starting-under-Rs-20-000-but-higher-variants-need-a-bank-discount-to-stay-there.1350744.0.html
HDFCBANK.NS,HDFC Bank shares fall as 3 US law firms launch probe over alleged federal law violations,Three United States law firms are investigating HDFC Bank for alleged securities law violations. These firms are examining if the bank disguised payments to MSRDC as marketing expenses. HDFC Bank shares have declined significantly following these announcement…,Shares of HDFC Bank slipped more than 1% on Friday after three separate US law firms announced investigations into whether the Indian private lender violated federal securities laws by allegedly disg… [+3281 chars],The Times of India,2026-07-24 06:36:06+00:00,https://economictimes.indiatimes.com/markets/stocks/news/hdfc-bank-shares-fall-as-3-us-law-firms-launch-probe-over-alleged-federal-law-violations/articleshow/132598223.cms
HDFCBANK.NS,SBI to issue first rupee-denominated perpetual debt of 2026: Report,"State Bank of ​India is set to become the first ​bank to tap the market for perpetual bonds in 2026, with plans to raise 50 billion rupees ($517.76 million) within the ‌next two ⁠weeks, ⁠three bankers familiar with the matter said on Friday.","(What's moving Sensex and Nifty Track latest market news, stock tips, Budget 2025, Share Market on Budget 2025 and expert advice, on ETMarkets. Also, ETMarkets.com is now on Telegram. For fastest new… [+330 chars]",The Times of India,2026-07-24 05:52:04+00:00,https://economictimes.indiatimes.com/markets/bonds/sbi-to-issue-first-rupee-denominated-perpetual-debt-of-2026-report/articleshow/132597471.cms
HDFCBANK.NS,Global Market: Japanese investors dump overseas bonds as rising crude revives inflation fears,Japanese investors sold foreign bonds at the fastest pace in nearly three months during the week ended July 18 as surging oil prices revived inflation concerns and reinforced expectations of higher global interest rates for longer. They also turned net seller…,"(What's moving Sensex and Nifty Track latest market news, stock tips, Budget 2025, Share Market on Budget 2025 and expert advice, on ETMarkets. Also, ETMarkets.com is now on Telegram. For fastest new… [+330 chars]",The Times of India,2026-07-24 05:43:22+00:00,https://economictimes.indiatimes.com/markets/us-stocks/news/global-market-japanese-investors-dump-overseas-bonds-as-rising-crude-revives-inflation-fears/articleshow/132597360.cms
HDFCBANK.NS,"Oil shock, Treasury yield spike put Indian bonds under pressure before debt sale",Indian government bonds experienced a decline as oil prices surpassed one hundred dollars per barrel.  The benchmark bond yield reached its highest level in five weeks during early trading.  Rising oil prices and Treasury yields pressured overnight swap rates…,"(What's moving Sensex and Nifty Track latest market news, stock tips, Budget 2025, Share Market on Budget 2025 and expert advice, on ETMarkets. Also, ETMarkets.com is now on Telegram. For fastest new… [+330 chars]",The Times of India,2026-07-24 05:04:24+00:00,https://economictimes.indiatimes.com/markets/bonds/oil-shock-treasury-yield-spike-put-indian-bonds-under-pressure-before-debt-sale/articleshow/132596731.cms
HDFCBANK.NS,"HDFC Bank, 3 other bank stocks wipe out Rs 1.5 lakh crore of investors' wealth after Q1. Time to buy the dip?","Shares of HDFC Bank, Axis Bank, Kotak Mahindra Bank and Yes Bank have erased over Rs 1.5 lakh crore in market value this week following their June-quarter earnings. While investors reacted negatively to the results amid broader market weakness, brokerages say…","The shares of HDFC Bank, Axis Bank, Kotak Mahindra Bank and Yes Bank have tumbled this week, eroding more than Rs 1.5 lakh crore in combined market capitalisation after their Q1 earnings announcement… [+3667 chars]",The Times of India,2026-07-24 04:26:07+00:00,https://economictimes.indiatimes.com/markets/stocks/news/hdfc-bank-3-other-bank-stocks-wipe-out-rs-1-5-lakh-crore-of-investors-wealth-after-q1-time-to-buy-the-dip/articleshow/132596148.cms
HDFCBANK.NS,ICICI Bank prices $1 billion five-year dollar bond at tighter spread,Largest such issue by an Indian lender in nearly 14 years; attracts $3 billion in bids,"Indias ICICI Bank has priced a $1 billion five-year dollar bond at a much tighter spread than initially indicated, in the largest such issue by an Indian lender in nearly 14 years, three bankers said… [+2224 chars]",BusinessLine,2026-07-24 04:10:42+00:00,https://www.thehindubusinessline.com/markets/icici-bank-prices-1-billion-five-year-dollar-bond-at-tighter-spread/article71260840.ece
HDFCBANK.NS,"Nifty slips below key support as crude tops $100, tech selloff rattles global markets","Markets opened lower on Friday, with the Nifty 50 falling 134.45 points, or 0.56 per cent, to 23,735.15 in early trade, extending its losing streak to a fifth consecutive session.","Markets opened lower on Friday, with the Nifty 50 falling 134.45 points, or 0.56 per cent, to 23,735.15 in early trade, extending its losing streak to a fifth consecutive session. The Sensex opened a… [+4027 chars]",BusinessLine,2026-07-24 04:05:29+00:00,https://www.thehindubusinessline.com/markets/stock-markets/nifty-slips-below-key-support-as-crude-tops-100-tech-selloff-rattles-global-markets/article71260841.ece
HDFCBANK.NS,Sebi proposes shifting ODR oversight to MIIs for quicker grievance redressal,Sebi proposes shifting online dispute resolution administration to market infrastructure institutions. This move aims to significantly speed up investor grievance redressal processes. Market infrastructure institutions will now handle conciliator and arbitrat…,"(What's moving Sensex and Nifty Track latest market news, stock tips, Budget 2025, Share Market on Budget 2025 and expert advice, on ETMarkets. Also, ETMarkets.com is now on Telegram. For fastest new… [+330 chars]",The Times of India,2026-07-24 02:00:26+00:00,https://economictimes.indiatimes.com/markets/stocks/news/sebi-proposes-shifting-odr-oversight-to-miis-for-quicker-grievance-redressal/articleshow/132594637.cms
HDFCBANK.NS,"Banking liquidity hits lowest since June 29; RBI data reveals Rs 2,884 crore deficit","Mumbai banking system liquidity has fallen to its lowest point since late June.  This deficit is attributed to increased credit growth and central bank foreign exchange market actions.  System liquidity experienced a deficit of ₹2,884 crore on Wednesday.  The…","(What's moving Sensex and Nifty Track latest market news, stock tips, Budget 2025, Share Market on Budget 2025 and expert advice, on ETMarkets. Also, ETMarkets.com is now on Telegram. For fastest new… [+330 chars]",The Times of India,2026-07-24 01:48:03+00:00,https://economictimes.indiatimes.com/markets/stocks/news/banking-liquidity-hits-lowest-since-june-29-rbi-data-reveals-rs-2884-crore-deficit/articleshow/132594520.cms
HDFCBANK.NS,"Milky Mist IPO set for August launch, aiming to be India's largest dairy offering",Milky Mist Dairy Food plans its initial public offering for early August.  This upcoming IPO is anticipated to be the largest by an Indian dairy company.  The company secured ₹482 crore in pre-IPO funding from Jongsong Investments.  This investment valued Mil…,"(What's moving Sensex and Nifty Track latest market news, stock tips, Budget 2025, Share Market on Budget 2025 and expert advice, on ETMarkets. Also, ETMarkets.com is now on Telegram. For fastest new… [+330 chars]",The Times of India,2026-07-24 01:38:03+00:00,https://economictimes.indiatimes.com/markets/ipos/fpos/milky-mist-ipo-set-for-august-launch-aiming-to-be-indias-largest-dairy-offering/articleshow/132594441.cms
HDFCBANK.NS,"India equity markets see strong June trading: NSE cash turnover hits 23-month high, foreign investors boost derivatives","Indian equity markets experienced robust trading in June, reaching a 23-month high in cash market turnover. Proprietary traders' share of cash market turnover decreased, indicating broader investor participation. Foreign investors significantly increased thei…","(What's moving Sensex and Nifty Track latest market news, stock tips, Budget 2025, Share Market on Budget 2025 and expert advice, on ETMarkets. Also, ETMarkets.com is now on Telegram. For fastest new… [+330 chars]",The Times of India,2026-07-24 01:30:09+00:00,https://economictimes.indiatimes.com/markets/stocks/news/india-equity-markets-see-strong-june-trading-nse-cash-turnover-hits-23-month-high-foreign-investors-boost-derivatives/articleshow/132594378.cms
HDFCBANK.NS,"Financials dominate Nifty50 in June, IT sector weight hits 23-year low","Financials increased their Nifty 50 weight to a four-month high in June. This rise followed sector outperformance and renewed foreign investor inflows. Information Technology continued its decline, losing significant weight in the index. The IT sector's weigh…","(What's moving Sensex and Nifty Track latest market news, stock tips, Budget 2025, Share Market on Budget 2025 and expert advice, on ETMarkets. Also, ETMarkets.com is now on Telegram. For fastest new… [+330 chars]",The Times of India,2026-07-24 01:21:34+00:00,https://economictimes.indiatimes.com/markets/stocks/news/financials-dominate-nifty-50-in-june-it-sector-weight-hits-23-year-low/articleshow/132594332.cms
HDFCBANK.NS,"Mid, small, and micro-cap stocks gain market share as blue chips decline over six years","Large-cap stocks have seen their market share decline over six years. Mid, small, and micro-cap stocks have gained significant ground during this period. The Nifty's share of total market capitalization fell to a multi-year low. Meanwhile, the Nifty Smallcap …","(What's moving Sensex and Nifty Track latest market news, stock tips, Budget 2025, Share Market on Budget 2025 and expert advice, on ETMarkets. Also, ETMarkets.com is now on Telegram. For fastest new… [+330 chars]",The Times of India,2026-07-24 01:11:21+00:00,https://economictimes.indiatimes.com/markets/stocks/news/mid-small-and-micro-cap-stocks-gain-market-share-as-blue-chips-decline-over-six-years/articleshow/132594268.cms
HDFCBANK.NS,Pre-market action: Here's the trade setup for today's session,"Domestic equities extended losses for a fourth consecutive session, with the Nifty declining. Investor sentiment remained fragile amid a sharp surge in Brent crude oil prices. Foreign portfolio investors net sold shares worth Rs 2,999 crore on Wednesday. The …","(What's moving Sensex and Nifty Track latest market news, stock tips, Budget 2025, Share Market on Budget 2025 and expert advice, on ETMarkets. Also, ETMarkets.com is now on Telegram. For fastest new… [+330 chars]",The Times of India,2026-07-24 01:10:43+00:00,https://economictimes.indiatimes.com/markets/stocks/news/pre-market-action-heres-the-trade-setup-for-todays-session/articleshow/132594305.cms
HDFCBANK.NS,Sebi introduces fast-track process for securities transmission,"Sebi has revised the securities transmission framework for investors.  A fast-track mechanism is introduced for small-value claims.  Documentation requirements are simplified, and probate of a will is removed.  Claims up to ₹10 lakh in physical and ₹30 lakh i…","(What's moving Sensex and Nifty Track latest market news, stock tips, Budget 2025, Share Market on Budget 2025 and expert advice, on ETMarkets. Also, ETMarkets.com is now on Telegram. For fastest new… [+330 chars]",The Times of India,2026-07-24 00:49:02+00:00,https://economictimes.indiatimes.com/markets/stocks/news/sebi-introduces-fast-track-process-for-securities-transmission/articleshow/132594235.cms
HDFCBANK.NS,Private Bank ETFs back in focus as valuations turn attractive,Private bank stocks present a thematic investment opportunity with reasonable valuations.  These banks are showing improved margins and strong credit growth potential.  Analysts believe margin pressures are now behind the banking sector.  Credit growth is exp…,"Mumbai: Equity investors eyeing a thematic bet with quality stocks could consider an exposure to the private bank ETF given the reasonable valuations, improvement in margins, high credit growth and l… [+2742 chars]",The Times of India,2026-07-24 00:44:48+00:00,https://economictimes.indiatimes.com/markets/stocks/news/private-bank-etfs-back-in-focus-as-valuations-turn-attractive/articleshow/132594208.cms
HDFCBANK.NS,Can Lohia Corp IPO deliver long-term growth for high risk investors?,"Lohia Corp plans an offer for sale to raise funds.  The company's revenue grew significantly while its net profit surged.  Its order book expanded substantially after strong financial performance.  The business is cyclical, depending on agriculture and constr…","(What's moving Sensex and Nifty Track latest market news, stock tips, Budget 2025, Share Market on Budget 2025 and expert advice, on ETMarkets. Also, ETMarkets.com is now on Telegram. For fastest new… [+330 chars]",The Times of India,2026-07-24 00:35:16+00:00,https://economictimes.indiatimes.com/markets/ipos/fpos/can-lohia-corp-ipo-deliver-long-term-growth-for-high-risk-investors/articleshow/132594185.cms
HDFCBANK.NS,Irdai plans to roll out risk-based capital norms by April. Are insurers ready?,"This will help insurers value their assets, liabilities and investments better, more accurately provide for their risk exposure, and increase transparency and disclosures for all stakeholders.","""Thesolvency requirement would be aligned with the risks actually present on an insurer's balance sheet, rather than a one-size-fits-all factor,"" said Rahul Khandelwal, partner, financial services, a… [+6640 chars]",Livemint,2026-07-24 00:30:43+00:00,https://www.livemint.com/industry/banking/irdai-plans-to-roll-out-risk-based-capital-norms-by-april-are-insurers-ready-11784788575841.html
HDFCBANK.NS,Temasek-backed Manipal Health to line up $1-billion IPO,Manipal Health Enterprises plans a billion-dollar initial public offering this month.  The company will announce its price band on July twenty-fourth.  The offering includes a fresh issue of shares and an offer for sale.  Proceeds will primarily be used to re…,"(What's moving Sensex and Nifty Track latest market news, stock tips, Budget 2025, Share Market on Budget 2025 and expert advice, on ETMarkets. Also, ETMarkets.com is now on Telegram. For fastest new… [+330 chars]",The Times of India,2026-07-24 00:20:07+00:00,https://economictimes.indiatimes.com/markets/ipos/fpos/temasek-backed-manipal-health-to-line-up-1-billion-ipo/articleshow/132594155.cms
HDFCBANK.NS,Real-Time Fraud Detection at Machine Speed: Aerospike Debuts Agentic AI Stack with Google Gemini and AMD EPYC Processors,"Aerospike showcases an agentic AI stack with Google Gemini and AMD EPYC processors for fast, predictable fraud detection at scale....","SAN FRANCISCO, July 23, 2026 (GLOBE NEWSWIRE) -- AMD Advancing AI -- This week at AMD Advancing AI
, Aerospike Inc.
 is showcasing its database powering Googles AI stack, including Gemini, the Agen… [+3991 chars]",GlobeNewswire,2026-07-23 18:30:00+00:00,https://www.globenewswire.com/news-release/2026/07/23/3332490/0/en/Real-Time-Fraud-Detection-at-Machine-Speed-Aerospike-Debuts-Agentic-AI-Stack-with-Google-Gemini-and-AMD-EPYC-Processors.html
HDFCBANK.NS,Suryoday SFB Q1 profit more than doubles on strong loan growth,"Suryoday Small Finance Bank reported a more than twofold rise in first-quarter net profit to Rs 75 crore, driven by healthy business growth. Net interest income, operating profit and advances increased strongly, while gross NPAs improved significantly from a …","(What's moving Sensex and Nifty Track latest market news, stock tips, Budget 2025, Share Market on Budget 2025 and expert advice, on ETMarkets. Also, ETMarkets.com is now on Telegram. For fastest new… [+330 chars]",The Times of India,2026-07-23 16:12:44+00:00,https://economictimes.indiatimes.com/markets/stocks/earnings/suryoday-sfb-q1-profit-more-than-doubles-on-strong-loan-growth/articleshow/132586902.cms
HDFCBANK.NS,Ahead of Market: 10 things that will decide stock market action on Friday,"Sensex and Nifty declined for a fourth straight session as surging crude oil prices and escalating US-Iran tensions dampened investor sentiment. Analysts flagged rising inflation risks, bearish technical indicators and continued market volatility, with Nifty …","The Indian stock market extended losses for the fourth session on Thursday, with Sensex and Nifty closing lower as oil prices soared after the US military completed its 12th successive night of strik… [+4610 chars]",The Times of India,2026-07-23 16:05:22+00:00,https://economictimes.indiatimes.com/markets/stocks/news/ahead-of-market-10-things-that-will-decide-stock-market-action-on-friday/articleshow/132586769.cms
HDFCBANK.NS,Stock markets fall for 4th day; Sensex down 363 points on surging crude oil prices - The Tribune,"Stock markets closed with losses for the fourth straight day on Thursday, with the benchmark Sensex falling by 363 points as a sharp jump in crude oil prices due to escalating tensions in West Asia hit investor sentiment.","Stock markets closed with losses for the fourth straight day on Thursday, with the benchmark Sensex falling by 363 points as a sharp jump in crude oil prices due to escalating tensions in West Asia h… [+3206 chars]",The Tribune India,2026-07-23 13:40:02+00:00,https://www.tribuneindia.com/news/business/stock-markets-fall-for-4th-day-sensex-down-363-points-on-surging-crude-oil-prices/
HDFCBANK.NS,"Gulshan Group to invest Rs 1,000 cr on new housing project in Ghaziabad","Gulshan Group has announced a substantial investment of one thousand crore rupees in the luxurious Gulshan Empire housing project. Located in Wave City, Ghaziabad, this ambitious endeavor will comprise five hundred upscale homes, set to be completed in four y…","(What's moving Sensex and Nifty Track latest market news, stock tips, Budget 2025, Share Market on Budget 2025 and expert advice, on ETMarkets. Also, ETMarkets.com is now on Telegram. For fastest new… [+330 chars]",The Times of India,2026-07-23 12:33:32+00:00,https://economictimes.indiatimes.com/markets/digital-real-estate/realty-news/gulshan-group-to-invest-rs-1000-cr-on-new-housing-project-in-ghaziabad/articleshow/132581500.cms
HDFCBANK.NS,Mahindra Lifespace Developers Q1 profit rises 67% YoY to Rs 86 crore,"Mahindra Lifespace Developers has achieved a remarkable 67 percent increase in net profit for the June quarter, with total income skyrocketing to Rs 977.54 crore from just Rs 40.61 crore last year. The company is off to a strong start in fiscal year 2027, buo…","(What's moving Sensex and Nifty Track latest market news, stock tips, Budget 2025, Share Market on Budget 2025 and expert advice, on ETMarkets. Also, ETMarkets.com is now on Telegram. For fastest new… [+330 chars]",The Times of India,2026-07-23 12:30:47+00:00,https://economictimes.indiatimes.com/markets/stocks/earnings/mahindra-lifespace-developers-q1-profit-rises-67-yoy-to-rs-86-crore/articleshow/132581412.cms
HDFCBANK.NS,"Kuwait raises $6 billion in three-tranche bond sale, finance ministry says","Kuwait has triumphantly secured six billion dollars through its latest sovereign bond issuance, representing its first issuance since October of the previous year. This effort attracted an overwhelming response from investors, who placed orders surpassing eig…","(What's moving Sensex and Nifty Track latest market news, stock tips, Budget 2025, Share Market on Budget 2025 and expert advice, on ETMarkets. Also, ETMarkets.com is now on Telegram. For fastest new… [+330 chars]",The Times of India,2026-07-23 12:27:38+00:00,https://economictimes.indiatimes.com/markets/bonds/kuwait-raises-6-billion-in-three-tranche-bond-sale-finance-ministry-says/articleshow/132581123.cms
HDFCBANK.NS,"Malaysia launches dollar Islamic bond for infra and government projects, term sheet shows","Marking a significant return to the international dollar market, Malaysia has announced a dual-tranche U.S. dollar Islamic bond offering for the first time in over three years. The offerings consist of 5-3/4-year and 10-year tranches, designed to finance gove…","(What's moving Sensex and Nifty Track latest market news, stock tips, Budget 2025, Share Market on Budget 2025 and expert advice, on ETMarkets. Also, ETMarkets.com is now on Telegram. For fastest new… [+330 chars]",The Times of India,2026-07-23 12:23:47+00:00,https://economictimes.indiatimes.com/markets/bonds/malaysia-launches-dollar-islamic-bond-for-infra-and-government-projects-term-sheet-shows/articleshow/132580993.cms
HDFCBANK.NS,"SBI, HDFC Bank, PNB and Axis Bank 5-10 FD interest rates of NRE vs NRO accounts; check, tax tenure rules","NRE and NRO accounts offer investment avenues for Non-Resident Indians in India. NRO accounts accept Indian earnings, while NRE accounts hold international funds. Interest on NRO deposits faces tax, unlike NRE accounts which are tax-free. NRE funds are fully …","NRE (Non-Resident External) accounts and NRO (Non-Resident Ordinary) accounts are two prominent investment options for Non-Resident Indians (NRI), Overseas Citizens of India (OCIs) and Persons of Ind… [+3205 chars]",The Times of India,2026-07-23 12:15:21+00:00,https://economictimes.indiatimes.com/wealth/invest/sbi-hdfc-bank-pnb-and-axis-bank-5-10-fd-interest-rates-of-nre-vs-nro-accounts-check-tax-tenure-rules/articleshow/132580810.cms
HDFCBANK.NS,Three US law firms probe HDFC Bank over alleged Maharashtra deposit payments,HDFC Bank is facing fresh scrutiny in the US after three law firms launched investigations into whether the lender violated federal securities laws over allegations that it disguised ₹45 crore in payments to the Maharashtra State Road Development Corporation …,"HDFC Bank is facing fresh scrutiny in the United States, with three separate US law firms announcing investigations into whether the lender violated federal securities laws. This widens the fallout f… [+2683 chars]",The Times of India,2026-07-23 10:34:26+00:00,https://economictimes.indiatimes.com/industry/banking/finance/banking/three-us-law-firms-probe-hdfc-bank-over-alleged-maharashtra-deposit-payments/articleshow/132577997.cms
HDFCBANK.NS,Three US law firms probe HDFC Bank over alleged Maharashtra deposit payments,HDFC Bank is facing fresh scrutiny in the US after three law firms launched investigations into whether the lender violated federal securities laws over allegations that it disguised ₹45 crore in payments to the Maharashtra State Road Development Corporation …,"HDFC Bank is facing fresh scrutiny in the United States, with three separate US law firms announcing investigations into whether the lender violated federal securities laws. This widens the fallout f… [+2681 chars]",The Times of India,2026-07-23 10:34:26+00:00,https://economictimes.indiatimes.com/industry/banking/finance/banking/three-us-law-firms-probe-hdfc-bank-over-alleged-maharashtra-deposit-payments/articleshow/132594174.cms
HDFCBANK.NS,D P Abhushan posts 77% rise in Q1 PAT to Rs 64 crore,"The company posted a PAT of Rs 36.42 crore in Q1 FY26, D P Abhushan said in a statement. Total income for the quarter rose 58% to Rs 854 crore from Rs 541 crore in the June quarter of the financial year ended March 31, 2026, the company said.","(What's moving Sensex and Nifty Track latest market news, stock tips, Budget 2025, Share Market on Budget 2025 and expert advice, on ETMarkets. Also, ETMarkets.com is now on Telegram. For fastest new… [+330 chars]",The Times of India,2026-07-23 10:05:04+00:00,https://economictimes.indiatimes.com/markets/stocks/earnings/d-p-abhushan-posts-77-rise-in-q1-pat-to-rs-64-crore/articleshow/132576066.cms
HDFCBANK.NS,"Interest certificate download: How SBI, HDFC Bank, Axis Bank and India Post customers can get it online","If you earned interest from savings accounts, fixed deposits, recurring deposits or post office deposits during the financial year 25-26, you may need an interest certificate while filing your Income Tax Return (ITR). Most banks and India Post allow customers…","Jul 23, 2026, 03:20:34 PM IST
If you earned interest from savings accounts, fixed deposits, recurring deposits or post office deposits during the financial year 25-26, you may need an interest certi… [+2134 chars]",Economictimes.com,2026-07-23 09:45:52+00:00,https://m.economictimes.com/wealth/invest/interest-certificate-download-how-sbi-hdfc-bank-axis-bank-and-india-post-customers-can-get-it-online/how-sbi-hdfc-bank-axis-bank-and-india-post-customers-can-get-it-online/slideshow/132576871.cms
HDFCBANK.NS,What is the password to open an interest certificate from the SBI website?,"If you earned interest from savings accounts, fixed deposits, recurring deposits or post office deposits during the financial year 25-26, you may need an interest certificate while filing your Income Tax Return (ITR). Most banks and India Post allow customers…","Jul 23, 2026, 03:20:34 PM IST
If you earned interest from savings accounts, fixed deposits, recurring deposits or post office deposits during the financial year 25-26, you may need an interest certi… [+2134 chars]",Economictimes.com,2026-07-23 09:45:52+00:00,https://m.economictimes.com/wealth/invest/what-is-the-password-to-open-an-interest-certificate-from-the-sbi-website/how-sbi-hdfc-bank-axis-bank-and-india-post-customers-can-get-it-online/slideshow/132576871.cms
HDFCBANK.NS,Global Market: European shares slip as tech stocks drag; ECB policy decision in focus,"European shares slipped as weak semiconductor earnings and renewed concerns over AI spending weighed on technology stocks. Energy shares gained as Middle East tensions lifted oil prices, while investors awaited the ECB’s policy decision.","(What's moving Sensex and Nifty Track latest market news, stock tips, Budget 2025, Share Market on Budget 2025 and expert advice, on ETMarkets. Also, ETMarkets.com is now on Telegram. For fastest new… [+330 chars]",The Times of India,2026-07-23 08:08:40+00:00,https://economictimes.indiatimes.com/markets/us-stocks/news/global-market-european-shares-slip-as-tech-stocks-drag-ecb-policy-decision-in-focus/articleshow/132575316.cms
HDFCBANK.NS,"Sensex, Nifty sink below key EMAs at midday; Adani Enterprises, Cipla lead losses",Sensex and Nifty drop below key EMAs; Adani Enterprises and Cipla lead midday losses amid domestic selling pressure.,"Markets deepened their losses through midday trade on Thursday, with both benchmark indices slipping below their 50-day exponential moving averages for the first time in over a month, as domestic sel… [+2674 chars]",BusinessLine,2026-07-23 08:06:12+00:00,https://www.thehindubusinessline.com/markets/stock-markets/sensex-nifty-sink-below-key-emas-at-midday-adani-enterprises-cipla-lead-losses/article71256969.ece
HDFCBANK.NS,"Indonesia's Danantara plans dollar bond sale worth at least $500 mln, sources say","Danantara, Indonesia's sovereign wealth fund, plans to issue dollar bonds worth $500 million.  These long-dated bonds will extend the fund's offshore funding into longer maturities.  The issuance aims to match overseas equity investments with long-term USD fu…","(What's moving Sensex and Nifty Track latest market news, stock tips, Budget 2025, Share Market on Budget 2025 and expert advice, on ETMarkets. Also, ETMarkets.com is now on Telegram. For fastest new… [+330 chars]",The Times of India,2026-07-23 06:47:17+00:00,https://economictimes.indiatimes.com/markets/bonds/indonesias-danantara-plans-dollar-bond-sale-worth-at-least-500-mln-sources-say/articleshow/132573818.cms
HDFCBANK.NS,US law firm launches probe into HDFC Bank over potential securities law violations,Glancy Prongay &amp; Rotter has launched a securities law investigation into HDFC Bank's US disclosures after reports of alleged payment irregularities and months of governance-related scrutiny.,"The report said that HDFC Bank had camouflaged 45 crore as marketing expenses to pay higher interest to the Maharashtra State Road Development Corporation (MSRDC), the US law firm said in the release… [+3431 chars]",Livemint,2026-07-23 06:43:47+00:00,https://www.livemint.com/companies/news/us-law-firm-launches-probe-into-hdfc-bank-over-potential-securities-law-violations-11784785404883.html
HDFCBANK.NS,HDFC Bank shares slide 10% in four day after Q1 results but brokerages see up to 40% upside. Here’s why,"HDFC Bank shares have fallen nearly 10% in four sessions since its Q1 FY27 results despite reporting steady earnings growth. Brokerages remain bullish, citing improving margins, healthy loan growth, lower credit costs and attractive valuations, with target pr…","Shares of HDFC Bank remained under pressure on Thursday, falling more than 1% to Rs 753 on the BSE and extending losses to a fourth consecutive session. The stock has now declined nearly 10% since In… [+4032 chars]",The Times of India,2026-07-23 06:20:30+00:00,https://economictimes.indiatimes.com/markets/stocks/news/hdfc-bank-shares-slide-10-in-four-day-after-q1-results-but-brokerages-see-up-to-40-upside-heres-why/articleshow/132573294.cms
HDFCBANK.NS,"BlackRock, Prashant Jain-backed 3P India among others invest in Indo MIM IPO anchor book of Rs 1,141 crore","Indo MIM has raised Rs 1,141 crore from anchor investors ahead of its Rs 3,811 crore IPO, drawing participation from global institutions including BlackRock and domestic investors such as Prashant Jain-backed 3P India. More than half of the anchor allocation …","Indo MIM, the world's largest manufacturer of precision engineering components using metal injection moulding (MIM) technology, has raised Rs 1,141 crore from anchor investors, including BlackRock an… [+3324 chars]",The Times of India,2026-07-23 06:20:00+00:00,https://economictimes.indiatimes.com/markets/stocks/news/blackrock-prashant-jain-backed-3p-india-among-others-invest-in-indo-mim-ipo-anchor-book-of-rs-1141-crore/articleshow/132573246.cms
HDFCBANK.NS,ServiceNow bets $40 million on Indian banking software specialist to expand its financial services push | TechCrunch,ServiceNow bets $40 million on Indian banking software specialist to expand its financial services push | TechCrunchtechcrunch.com,"ServiceNow, the U.S. enterprise software company known for automating workflows like IT service management and HR operations, is betting on an Indian banking software specialist to deepen its push in… [+3397 chars]",TechCrunch,2026-07-23 06:11:12+00:00,https://techcrunch.com/2026/07/22/servicenow-bets-40m-on-indian-firm-businessnext-at-700m-valuation-to-deepen-banking-ai-push/
HDFCBANK.NS,Oil prices scorch Indian bonds; rising Treasury yields add to pressure,"Indian government bonds declined early Thursday as Middle East tensions escalated. Crude oil prices neared $100 a barrel, and U.S. Treasury yields also rose. Higher oil prices threaten to revive inflation pressures and weaken the Indian rupee. This situation …","(What's moving Sensex and Nifty Track latest market news, stock tips, Budget 2025, Share Market on Budget 2025 and expert advice, on ETMarkets. Also, ETMarkets.com is now on Telegram. For fastest new… [+330 chars]",The Times of India,2026-07-23 05:22:43+00:00,https://economictimes.indiatimes.com/markets/bonds/oil-prices-scorch-indian-bonds-rising-treasury-yields-add-to-pressure/articleshow/132572526.cms
HDFCBANK.NS,"ICICI Bank sets initial guidance for first dollar bond in nearly 9 years, bankers say",ICICI Bank is returning to dollar debt markets after nine years.  The lender seeks to raise at least $500 million through a five-year bond.  This issuance leverages the central bank's lower-cost hedging facility.  Proceeds will be used for general corporate p…,"India's ICICI Bank has provided an initial price guidance for a five-year dollar bond leveraging the central bank's lower-cost hedging facility, as the private lender returns to the dollar debt marke… [+1705 chars]",The Times of India,2026-07-23 03:48:51+00:00,https://economictimes.indiatimes.com/markets/bonds/icici-bank-sets-initial-guidance-for-first-dollar-bond-in-nearly-9-years-bankers-say/articleshow/132571495.cms
